Roll No,PRN,314441_IN,314441_TH,314441_TOT,314441_TW,314441_PR,314441_OR,314441_TOT%,314441_CRD,314441_GRD,314441_GRDPTS,314441_CRDPTS,314442_IN,314442_TH,314442_TOT,314442_TW,314442_PR,314442_OR,314442_TOT%,314442_CRD,314442_GRD,314442_GRDPTS,314442_CRDPTS,314443_IN,314443_TH,314443_TOT,314443_TW,314443_PR,314443_OR,314443_TOT%,314443_CRD,314443_GRD,314443_GRDPTS,314443_CRDPTS,314444_IN,314444_TH,314444_TOT,314444_TW,314444_PR,314444_OR,314444_TOT%,314444_CRD,314444_GRD,314444_GRDPTS,314444_CRDPTS,314445_IN,314445_TH,314445_TOT,314445_TW,314445_PR,314445_OR,314445_TOT%,314445_CRD,314445_GRD,314445_GRDPTS,314445_CRDPTS,314446_1_IN,314446_1_TH,314446_1_TOT,314446_1_TW,314446_1_PR,314446_1_OR,314446_1_TOT%,314446_1_CRD,314446_1_GRD,314446_1_GRDPTS,314446_1_CRDPTS,314446_2_IN,314446_2_TH,314446_2_TOT,314446_2_TW,314446_2_PR,314446_2_OR,314446_2_TOT%,314446_2_CRD,314446_2_GRD,314446_2_GRDPTS,314446_2_CRDPTS,314447_IN,314447_TH,314447_TOT,314447_TW,314447_PR,314447_OR,314447_TOT%,314447_CRD,314447_GRD,314447_GRDPTS,314447_CRDPTS,314448_IN,314448_TH,314448_TOT,314448_TW,314448_PR,314448_OR,314448_TOT%,314448_CRD,314448_GRD,314448_GRDPTS,314448_CRDPTS,314450_IN,314450_TH,314450_TOT,314450_TW,314450_PR,314450_OR,314450_TOT%,314450_CRD,314450_GRD,314450_GRDPTS,314450_CRDPTS,314451_IN,314451_TH,314451_TOT,314451_TW,314451_PR,314451_OR,314451_TOT%,314451_CRD,314451_GRD,314451_GRDPTS,314451_CRDPTS,314452_IN,314452_TH,314452_TOT,314452_TW,314452_PR,314452_OR,314452_TOT%,314452_CRD,314452_GRD,314452_GRDPTS,314452_CRDPTS,314453_IN,314453_TH,314453_TOT,314453_TW,314453_PR,314453_OR,314453_TOT%,314453_CRD,314453_GRD,314453_GRDPTS,314453_CRDPTS,314454_IN,314454_TH,314454_TOT,314454_TW,314454_PR,314454_OR,314454_TOT%,314454_CRD,314454_GRD,314454_GRDPTS,314454_CRDPTS,314455_IN,314455_TH,314455_TOT,314455_TW,314455_PR,314455_OR,314455_TOT%,314455_CRD,314455_GRD,314455_GRDPTS,314455_CRDPTS,314456_IN,314456_TH,314456_TOT,314456_TW,314456_PR,314456_OR,314456_TOT%,314456_CRD,314456_GRD,314456_GRDPTS,314456_CRDPTS,314457_IN,314457_TH,314457_TOT,314457_TW,314457_PR,314457_OR,314457_TOT%,314457_CRD,314457_GRD,314457_GRDPTS,314457_CRDPTS,314458_IN,314458_TH,314458_TOT,314458_TW,314458_PR,314458_OR,314458_TOT%,314458_CRD,314458_GRD,314458_GRDPTS,314458_CRDPTS,SGPA
T150058501,71728718B,11,33,44, , , ,44,04,P,04,"16
",28,57,85, , , ,85,04,O,10,"40
",23,49,72, , , ,72,03,A+,09,"27
",25,48,73, , , ,73,04,A+,09,"36
",23,47,70, , , ,70,03,A+,09,"27
", , , , ,32, ,64,01,A,08,"08
", , , ,20, ,31,68,01,A,08,"08
", , , ,23,39, ,82,02,O,10,"20
", , , ,38, , ,76,01,A+,09,"09
",22,52,74, , , ,74,03,A+,09,"27
",18,35,53, , , ,53,04,B,06,"24
",17,48,65, , , ,65,04,A,08,"32
",21,53,74, , , ,74,03,A+,09,"27
",25,44,69, , , ,69,04,A,08,"32
", , , ,21, ,20,82,01,O,10,"10
", , , ,35,32, ,67,02,A,08,"16
", , , ,20,10, ,60,01,A,08,"08
", , , , , ,47,94,01,O,10,"10
",8.2
T150058502,71600855G,11,34,45, , , ,45,04,C,05,"20
",16,43,59, , , ,59,04,B+,07,"28
",27,46,73, , , ,73,03,A+,09,"27
",19,48,67, , , ,67,04,A,08,"32
",20,47,67, , , ,67,03,A,08,"24
", , , , ,42, ,84,01,O,10,"10
", , , ,19, ,43,82,01,O,10,"10
", , , ,23,35, ,77,02,A+,09,"18
", , , ,38, , ,76,01,A+,09,"09
",14,36,50, , , ,50,03,B,06,"18
",13,28,41, , , ,41,04,P,04,"16
",13,40,53, , , ,53,04,B,06,"24
",11,56,67, , , ,67,03,A,08,"24
",25,39,64, , , ,64,04,A,08,"32
", , , ,24, ,21,90,01,O,10,"10
", , , ,35,20, ,55,02,B+,07,"14
", , , ,22,23, ,90,01,O,10,"10
", , , , , ,38,76,01,A+,09,"09
",7.28
T150058503,71601038M,4,45,49, , , ,49,04,C,05,"20
",18,48,66, , , ,66,04,A,08,"32
",22,46,68, , , ,68,03,A,08,"24
",20,32,52, , , ,52,04,B,06,"24
",17,48,65, , , ,65,03,A,08,"24
", , , , ,32, ,64,01,A,08,"08
", , , ,19, ,39,77,01,A+,09,"09
", , , ,21,30, ,68,02,A,08,"16
", , , ,36, , ,72,01,A+,09,"09
",30,48,78, , , ,78,03,A+,09,"27
",19,35,54, , , ,54,04,B,06,"24
",18,42,60, , , ,60,04,A,08,"32
",20,54,74, , , ,74,03,A+,09,"27
",23,48,71, , , ,71,04,A+,09,"36
", , , ,23, ,21,88,01,O,10,"10
", , , ,39,20, ,59,02,B+,07,"14
", , , ,22,16, ,76,01,A+,09,"09
", , , , , ,35,70,01,A+,09,"09
",7.7
T150058504,71601360G,20,55,75, , , ,75,04,A+,09,"36
",24,50,74, , , ,74,04,A+,09,"36
",25,50,75, , , ,75,03,A+,09,"27
",22,47,69, , , ,69,04,A,08,"32
",24,45,69, , , ,69,03,A,08,"24
", , , , ,41, ,82,01,O,10,"10
", , , ,19, ,42,81,01,O,10,"10
", , , ,21,41, ,82,02,O,10,"20
", , , ,38, , ,76,01,A+,09,"09
",27,45,72, , , ,72,03,A+,09,"27
",26,32,58, , , ,58,04,B+,07,"28
",26,55,81, , , ,81,04,O,10,"40
",24,53,77, , , ,77,03,A+,09,"27
",28,52,80, , , ,80,04,O,10,"40
", , , ,21, ,17,76,01,A+,09,"09
", , , ,40,42, ,82,02,O,10,"20
", , , ,21,23, ,88,01,O,10,"10
", , , , , ,38,76,01,A+,09,"09
",9
T150058505,71601314C,28,54,82, , , ,82,04,O,10,"40
",19,39,58, , , ,58,04,B+,07,"28
",23,40,63, , , ,63,03,A,08,"24
",21,34,55, , , ,55,04,B+,07,"28
",26,47,73, , , ,73,03,A+,09,"27
", , , , ,43, ,86,01,O,10,"10
", , , ,22, ,44,88,01,O,10,"10
", , , ,21,46, ,89,02,O,10,"20
", , , ,38, , ,76,01,A+,09,"09
",30,42,72, , , ,72,03,A+,09,"27
",26,28,54, , , ,54,04,B,06,"24
",21,50,71, , , ,71,04,A+,09,"36
",19,44,63, , , ,63,03,A,08,"24
",27,43,70, , , ,70,04,A+,09,"36
", , , ,23, ,23,92,01,O,10,"10
", , , ,36,20, ,56,02,B+,07,"14
", , , ,22,21, ,86,01,O,10,"10
", , , , , ,46,92,01,O,10,"10
",8.41
T150058506,71601013F,22,56,78, , , ,78,04,A+,09,"36
",28,47,75, , , ,75,04,A+,09,"36
",16,33,49, , , ,49,03,C,05,"15
",24,56,80, , , ,80,04,O,10,"40
",25,47,72, , , ,72,03,A+,09,"27
", , , , ,43, ,86,01,O,10,"10
", , , ,22, ,43,86,01,O,10,"10
", , , ,22,36, ,77,02,A+,09,"18
", , , ,40, , ,80,01,O,10,"10
",29,50,79, , , ,79,03,A+,09,"27
",19,38,57, , , ,57,04,B+,07,"28
",21,41,62, , , ,62,04,A,08,"32
",23,52,75, , , ,75,03,A+,09,"27
",22,47,69, , , ,69,04,A,08,"32
", , , ,23, ,18,82,01,O,10,"10
", , , ,37,20, ,57,02,B+,07,"14
", , , ,22,22, ,88,01,O,10,"10
", , , , , ,44,88,01,O,10,"10
",8.52
T150058507,71600889M,30,61,91, , , ,91,04,O,10,"40
",27,48,75, , , ,75,04,A+,09,"36
",27,46,73, , , ,73,03,A+,09,"27
",29,65,94, , , ,94,04,O,10,"40
",26,50,76, , , ,76,03,A+,09,"27
", , , , ,44, ,88,01,O,10,"10
", , , ,24, ,44,90,01,O,10,"10
", , , ,22,43, ,86,02,O,10,"20
", , , ,41, , ,82,01,O,10,"10
",30,51,81, , , ,81,03,O,10,"30
",21,45,66, , , ,66,04,A,08,"32
",22,54,76, , , ,76,04,A+,09,"36
",23,63,86, , , ,86,03,O,10,"30
",29,47,76, , , ,76,04,A+,09,"36
", , , ,21, ,24,90,01,O,10,"10
", , , ,46,41, ,87,02,O,10,"20
", , , ,24,20, ,88,01,O,10,"10
", , , , , ,39,78,01,A+,09,"09
",9.41
T150058508,71600780M,14,46,60, , , ,60,04,A,08,"32
",18,47,65, , , ,65,04,A,08,"32
",21,39,60, , , ,60,03,A,08,"24
",22,51,73, , , ,73,04,A+,09,"36
",17,45,62, , , ,62,03,A,08,"24
", , , , ,39, ,78,01,A+,09,"09
", , , ,20, ,38,77,01,A+,09,"09
", , , ,24,39, ,84,02,O,10,"20
", , , ,39, , ,78,01,A+,09,"09
",25,43,68, , , ,68,03,A,08,"24
",18,38,56, , , ,56,04,B+,07,"28
",20,50,70, , , ,70,04,A+,09,"36
",16,55,71, , , ,71,03,A+,09,"27
",25,47,72, , , ,72,04,A+,09,"36
", , , ,24, ,21,90,01,O,10,"10
", , , ,42,35, ,77,02,A+,09,"18
", , , ,23,20, ,86,01,O,10,"10
", , , , , ,47,94,01,O,10,"10
",8.57
T150058509,71600890E,15,56,71, , , ,71,04,A+,09,"36
",22,52,74, , , ,74,04,A+,09,"36
",24,46,70, , , ,70,03,A+,09,"27
",18,51,69, , , ,69,04,A,08,"32
",22,49,71, , , ,71,03,A+,09,"27
", , , , ,44, ,88,01,O,10,"10
", , , ,22, ,45,89,01,O,10,"10
", , , ,20,33, ,70,02,A+,09,"18
", , , ,37, , ,74,01,A+,09,"09
",26,46,72, , , ,72,03,A+,09,"27
",18,37,55, , , ,55,04,B+,07,"28
",16,57,73, , , ,73,04,A+,09,"36
",19,55,74, , , ,74,03,A+,09,"27
",27,46,73, , , ,73,04,A+,09,"36
", , , ,23, ,18,82,01,O,10,"10
", , , ,40,40, ,80,02,O,10,"20
", , , ,23,20, ,86,01,O,10,"10
", , , , , ,48,96,01,O,10,"10
",8.89
T150058510,71601258J,30,62,92, , , ,92,04,O,10,"40
",29,52,81, , , ,81,04,O,10,"40
",25,40,65, , , ,65,03,A,08,"24
",26,54,80, , , ,80,04,O,10,"40
",26,52,78, , , ,78,03,A+,09,"27
", , , , ,42, ,84,01,O,10,"10
", , , ,23, ,43,88,01,O,10,"10
", , , ,23,40, ,84,02,O,10,"20
", , , ,40, , ,80,01,O,10,"10
",30,49,79, , , ,79,03,A+,09,"27
",29,51,80, , , ,80,04,O,10,"40
",28,60,88, , , ,88,04,O,10,"40
",21,53,74, , , ,74,03,A+,09,"27
",25,51,76, , , ,76,04,A+,09,"36
", , , ,22, ,24,92,01,O,10,"10
", , , ,47,40, ,87,02,O,10,"20
", , , ,24,23, ,94,01,O,10,"10
", , , , , ,46,92,01,O,10,"10
",9.59
T150058511,71601107H,23,50,73, , , ,73,04,A+,09,"36
",28,53,81, , , ,81,04,O,10,"40
",23,41,64, , , ,64,03,A,08,"24
",27,57,84, , , ,84,04,O,10,"40
",18,46,64, , , ,64,03,A,08,"24
", , , , ,40, ,80,01,O,10,"10
", , , ,22, ,38,80,01,O,10,"10
", , , ,24,43, ,89,02,O,10,"20
", , , ,39, , ,78,01,A+,09,"09
",30,51,81, , , ,81,03,O,10,"30
",27,35,62, , , ,62,04,A,08,"32
",23,61,84, , , ,84,04,O,10,"40
",23,54,77, , , ,77,03,A+,09,"27
",28,56,84, , , ,84,04,O,10,"40
", , , ,22, ,21,86,01,O,10,"10
", , , ,44,42, ,86,02,O,10,"20
", , , ,23,22, ,90,01,O,10,"10
", , , , , ,46,92,01,O,10,"10
",9.39
T150058512,71601139F,30,66,96, , , ,96,04,O,10,"40
",27,53,80, , , ,80,04,O,10,"40
",25,42,67, , , ,67,03,A,08,"24
",29,62,91, , , ,91,04,O,10,"40
",22,45,67, , , ,67,03,A,08,"24
", , , , ,40, ,80,01,O,10,"10
", , , ,23, ,41,85,01,O,10,"10
", , , ,24,43, ,89,02,O,10,"20
", , , ,48, , ,96,01,O,10,"10
",30,46,76, , , ,76,03,A+,09,"27
",24,41,65, , , ,65,04,A,08,"32
",23,61,84, , , ,84,04,O,10,"40
",21,53,74, , , ,74,03,A+,09,"27
",26,42,68, , , ,68,04,A,08,"32
", , , ,23, ,24,94,01,O,10,"10
", , , ,45,42, ,87,02,O,10,"20
", , , ,24,23, ,94,01,O,10,"10
", , , , , ,41,82,01,O,10,"10
",9.26
T150058513,71728719L,18,40,58, , , ,58,04,B+,07,"28
",19,40,59, , , ,59,04,B+,07,"28
",19,36,55, , , ,55,03,B+,07,"21
",23,44,67, , , ,67,04,A,08,"32
",14,31,45, , , ,45,03,C,05,"15
", , , , ,28, ,56,01,B+,07,"07
", , , ,19, ,31,66,01,A,08,"08
", , , ,20,35, ,73,02,A+,09,"18
", , , ,41, , ,82,01,O,10,"10
",21,39,60, , , ,60,03,A,08,"24
",12,28,40, , , ,40,04,P,04,"16
",10,32,42, , , ,42,04,P,04,"16
",17,41,58, , , ,58,03,B+,07,"21
",15,38,53, , , ,53,04,B,06,"24
", , , ,20, ,18,76,01,A+,09,"09
", , , ,34,21, ,55,02,B+,07,"14
", , , ,21,20, ,82,01,O,10,"10
", , , , , ,45,90,01,O,10,"10
",6.76
T150058514,71600805L,16,50,66, , , ,66,04,A,08,"32
",26,46,72, , , ,72,04,A+,09,"36
",20,40,60, , , ,60,03,A,08,"24
",28,55,83, , , ,83,04,O,10,"40
",21,51,72, , , ,72,03,A+,09,"27
", , , , ,42, ,84,01,O,10,"10
", , , ,23, ,44,89,01,O,10,"10
", , , ,23,34, ,76,02,A+,09,"18
", , , ,42, , ,84,01,O,10,"10
",28,47,75, , , ,75,03,A+,09,"27
",21,39,60, , , ,60,04,A,08,"32
",17,57,74, , , ,74,04,A+,09,"36
",22,52,74, , , ,74,03,A+,09,"27
",25,58,83, , , ,83,04,O,10,"40
", , , ,23, ,19,84,01,O,10,"10
", , , ,36,20, ,56,02,B+,07,"14
", , , ,21,22, ,86,01,O,10,"10
", , , , , ,45,90,01,O,10,"10
",8.98
T150058515,71601020J,29,50,79, , , ,79,04,A+,09,"36
",27,50,77, , , ,77,04,A+,09,"36
",21,37,58, , , ,58,03,B+,07,"21
",21,52,73, , , ,73,04,A+,09,"36
",19,50,69, , , ,69,03,A,08,"24
", , , , ,41, ,82,01,O,10,"10
", , , ,22, ,42,85,01,O,10,"10
", , , ,24,42, ,88,02,O,10,"20
", , , ,39, , ,78,01,A+,09,"09
",30,41,71, , , ,71,03,A+,09,"27
",24,37,61, , , ,61,04,A,08,"32
",18,46,64, , , ,64,04,A,08,"32
",14,39,53, , , ,53,03,B,06,"18
",22,35,57, , , ,57,04,B+,07,"28
", , , ,23, ,20,86,01,O,10,"10
", , , ,44,37, ,81,02,O,10,"20
", , , ,23,21, ,88,01,O,10,"10
", , , , , ,42,84,01,O,10,"10
",8.46
T150058516,71601137K,13,65,78, , , ,78,04,A+,09,"36
",26,49,75, , , ,75,04,A+,09,"36
",23,36,59, , , ,59,03,B+,07,"21
",24,55,79, , , ,79,04,A+,09,"36
",25,49,74, , , ,74,03,A+,09,"27
", , , , ,45, ,90,01,O,10,"10
", , , ,22, ,44,88,01,O,10,"10
", , , ,22,47, ,92,02,O,10,"20
", , , ,41, , ,82,01,O,10,"10
",28,47,75, , , ,75,03,A+,09,"27
",16,40,56, , , ,56,04,B+,07,"28
",24,54,78, , , ,78,04,A+,09,"36
",22,54,76, , , ,76,03,A+,09,"27
",24,41,65, , , ,65,04,A,08,"32
", , , ,22, ,22,88,01,O,10,"10
", , , ,38,42, ,80,02,O,10,"20
", , , ,20,22, ,84,01,O,10,"10
", , , , , ,38,76,01,A+,09,"09
",8.8
T150058517,71601321F,22,51,73, , , ,73,04,A+,09,"36
",26,45,71, , , ,71,04,A+,09,"36
",21,30,51, , , ,51,03,B,06,"18
",20,50,70, , , ,70,04,A+,09,"36
",20,36,56, , , ,56,03,B+,07,"21
", , , , ,44, ,88,01,O,10,"10
", , , ,21, ,45,88,01,O,10,"10
", , , ,23,43, ,88,02,O,10,"20
", , , ,40, , ,80,01,O,10,"10
",21,37,58, , , ,58,03,B+,07,"21
",21,32,53, , , ,53,04,B,06,"24
",19,49,68, , , ,68,04,A,08,"32
",9,38,47, , , ,47,03,C,05,"15
",27,39,66, , , ,66,04,A,08,"32
", , , ,22, ,20,84,01,O,10,"10
", , , ,37,25, ,62,02,A,08,"16
", , , ,22,22, ,88,01,O,10,"10
", , , , , ,46,92,01,O,10,"10
",7.98
T150058518,71600745C,19,56,75, , , ,75,04,A+,09,"36
",25,43,68, , , ,68,04,A,08,"32
",17,43,60, , , ,60,03,A,08,"24
",27,48,75, , , ,75,04,A+,09,"36
",16,48,64, , , ,64,03,A,08,"24
", , , , ,42, ,84,01,O,10,"10
", , , ,18, ,43,81,01,O,10,"10
", , , ,22,44, ,88,02,O,10,"20
", , , ,41, , ,82,01,O,10,"10
",28,51,79, , , ,79,03,A+,09,"27
",26,34,60, , , ,60,04,A,08,"32
",21,49,70, , , ,70,04,A+,09,"36
",21,58,79, , , ,79,03,A+,09,"27
",19,43,62, , , ,62,04,A,08,"32
", , , ,23, ,21,88,01,O,10,"10
", , , ,34,39, ,73,02,A+,09,"18
", , , ,22,23, ,90,01,O,10,"10
", , , , , ,47,94,01,O,10,"10
",8.78
T150058519,71601201E,28,57,85, , , ,85,04,O,10,"40
",24,43,67, , , ,67,04,A,08,"32
",24,40,64, , , ,64,03,A,08,"24
",21,39,60, , , ,60,04,A,08,"32
",22,49,71, , , ,71,03,A+,09,"27
", , , , ,41, ,82,01,O,10,"10
", , , ,21, ,41,82,01,O,10,"10
", , , ,22,25, ,62,02,A,08,"16
", , , ,39, , ,78,01,A+,09,"09
",28,46,74, , , ,74,03,A+,09,"27
",25,41,66, , , ,66,04,A,08,"32
",15,55,70, , , ,70,04,A+,09,"36
",23,51,74, , , ,74,03,A+,09,"27
",25,48,73, , , ,73,04,A+,09,"36
", , , ,22, ,21,86,01,O,10,"10
", , , ,33,36, ,69,02,A,08,"16
", , , ,22,22, ,88,01,O,10,"10
", , , , , ,39,78,01,A+,09,"09
",8.76
T150058520,71600877H,21,59,80, , , ,80,04,O,10,"40
",21,49,70, , , ,70,04,A+,09,"36
",19,56,75, , , ,75,03,A+,09,"27
",26,58,84, , , ,84,04,O,10,"40
",24,49,73, , , ,73,03,A+,09,"27
", , , , ,36, ,72,01,A+,09,"09
", , , ,20, ,33,70,01,A+,09,"09
", , , ,20,24, ,58,02,B+,07,"14
", , , ,33, , ,66,01,A,08,"08
",30,52,82, , , ,82,03,O,10,"30
",26,47,73, , , ,73,04,A+,09,"36
",27,57,84, , , ,84,04,O,10,"40
",25,57,82, , , ,82,03,O,10,"30
",30,51,81, , , ,81,04,O,10,"40
", , , ,21, ,21,84,01,O,10,"10
", , , ,36,42, ,78,02,A+,09,"18
", , , ,19,20, ,78,01,A+,09,"09
", , , , , ,42,84,01,O,10,"10
",9.41
T150058521,71601330E,22,64,86, , , ,86,04,O,10,"40
",27,46,73, , , ,73,04,A+,09,"36
",25,50,75, , , ,75,03,A+,09,"27
",24,63,87, , , ,87,04,O,10,"40
",23,45,68, , , ,68,03,A,08,"24
", , , , ,39, ,78,01,A+,09,"09
", , , ,22, ,39,81,01,O,10,"10
", , , ,23,34, ,76,02,A+,09,"18
", , , ,37, , ,74,01,A+,09,"09
",29,43,72, , , ,72,03,A+,09,"27
",21,42,63, , , ,63,04,A,08,"32
",23,56,79, , , ,79,04,A+,09,"36
",20,43,63, , , ,63,03,A,08,"24
",26,48,74, , , ,74,04,A+,09,"36
", , , ,22, ,19,82,01,O,10,"10
", , , ,37,15, ,FF,02,F,00,"00
", , , ,23,23, ,92,01,O,10,"10
", , , , , ,42,84,01,O,10,"10
",0
T150058522,71728720D,30,66,96, , , ,96,04,O,10,"40
",29,62,91, , , ,91,04,O,10,"40
",26,53,79, , , ,79,03,A+,09,"27
",30,58,88, , , ,88,04,O,10,"40
",27,45,72, , , ,72,03,A+,09,"27
", , , , ,42, ,84,01,O,10,"10
", , , ,22, ,43,86,01,O,10,"10
", , , ,24,40, ,85,02,O,10,"20
", , , ,45, , ,90,01,O,10,"10
",30,50,80, , , ,80,03,O,10,"30
",29,55,84, , , ,84,04,O,10,"40
",28,66,94, , , ,94,04,O,10,"40
",29,56,85, , , ,85,03,O,10,"30
",30,56,86, , , ,86,04,O,10,"40
", , , ,23, ,24,94,01,O,10,"10
", , , ,42,42, ,84,02,O,10,"20
", , , ,23,21, ,88,01,O,10,"10
", , , , , ,47,94,01,O,10,"10
",9.87
T150058523,71601245G,24,51,75, , , ,75,04,A+,09,"36
",25,38,63, , , ,63,04,A,08,"32
",25,53,78, , , ,78,03,A+,09,"27
",20,57,77, , , ,77,04,A+,09,"36
",23,47,70, , , ,70,03,A+,09,"27
", , , , ,43, ,86,01,O,10,"10
", , , ,19, ,44,84,01,O,10,"10
", , , ,22,42, ,85,02,O,10,"20
", , , ,38, , ,76,01,A+,09,"09
",28,44,72, , , ,72,03,A+,09,"27
",26,34,60, , , ,60,04,A,08,"32
",14,59,73, , , ,73,04,A+,09,"36
",18,40,58, , , ,58,03,B+,07,"21
",28,53,81, , , ,81,04,O,10,"40
", , , ,24, ,22,92,01,O,10,"10
", , , ,36,10, ,FF,02,F,00,"00
", , , ,22,15, ,74,01,A+,09,"09
", , , , , ,40,80,01,O,10,"10
",0
T150058524,71600884L,30,60,90, , , ,90,04,O,10,"40
",28,60,88, , , ,88,04,O,10,"40
",22,47,69, , , ,69,03,A,08,"24
",30,49,79, , , ,79,04,A+,09,"36
",22,47,69, , , ,69,03,A,08,"24
", , , , ,45, ,90,01,O,10,"10
", , , ,23, ,44,89,01,O,10,"10
", , , ,22,43, ,86,02,O,10,"20
", , , ,41, , ,82,01,O,10,"10
",29,45,74, , , ,74,03,A+,09,"27
",25,50,75, , , ,75,04,A+,09,"36
",21,55,76, , , ,76,04,A+,09,"36
",21,55,76, , , ,76,03,A+,09,"27
",24,45,69, , , ,69,04,A,08,"32
", , , ,24, ,24,96,01,O,10,"10
", , , ,49,40, ,89,02,O,10,"20
", , , ,24,24, ,96,01,O,10,"10
", , , , , ,48,96,01,O,10,"10
",9.17
T150058525,71728721B,12,52,64, , , ,64,04,A,08,"32
",27,48,75, , , ,75,04,A+,09,"36
",20,51,71, , , ,71,03,A+,09,"27
",27,48,75, , , ,75,04,A+,09,"36
",23,42,65, , , ,65,03,A,08,"24
", , , , ,34, ,68,01,A,08,"08
", , , ,23, ,36,78,01,A+,09,"09
", , , ,21,29, ,66,02,A,08,"16
", , , ,44, , ,88,01,O,10,"10
",24,50,74, , , ,74,03,A+,09,"27
",20,30,50, , , ,50,04,B,06,"24
",10,46,56, , , ,56,04,B+,07,"28
",25,60,85, , , ,85,03,O,10,"30
",21,44,65, , , ,65,04,A,08,"32
", , , ,22, ,14,72,01,A+,09,"09
", , , ,35,20, ,55,02,B+,07,"14
", , , ,23,19, ,84,01,O,10,"10
", , , , , ,46,92,01,O,10,"10
",8.3
T150058526,71600934L,22,58,80, , , ,80,04,O,10,"40
",23,54,77, , , ,77,04,A+,09,"36
",20,45,65, , , ,65,03,A,08,"24
",19,44,63, , , ,63,04,A,08,"32
",22,44,66, , , ,66,03,A,08,"24
", , , , ,40, ,80,01,O,10,"10
", , , ,20, ,39,78,01,A+,09,"09
", , , ,22,37, ,78,02,A+,09,"18
", , , ,38, , ,76,01,A+,09,"09
",26,47,73, , , ,73,03,A+,09,"27
",18,34,52, , , ,52,04,B,06,"24
",16,41,57, , , ,57,04,B+,07,"28
",21,51,72, , , ,72,03,A+,09,"27
",20,42,62, , , ,62,04,A,08,"32
", , , ,21, ,22,86,01,O,10,"10
", , , ,24,34, ,58,02,B+,07,"14
", , , ,20,16, ,72,01,A+,09,"09
", , , , , ,46,92,01,O,10,"10
",8.33
T150058527,71601334H,22,56,78, , , ,78,04,A+,09,"36
",20,51,71, , , ,71,04,A+,09,"36
",21,43,64, , , ,64,03,A,08,"24
",22,40,62, , , ,62,04,A,08,"32
",15,51,66, , , ,66,03,A,08,"24
", , , , ,41, ,82,01,O,10,"10
", , , ,19, ,40,78,01,A+,09,"09
", , , ,23,36, ,78,02,A+,09,"18
", , , ,39, , ,78,01,A+,09,"09
",25,44,69, , , ,69,03,A,08,"24
",16,41,57, , , ,57,04,B+,07,"28
",20,51,71, , , ,71,04,A+,09,"36
",21,52,73, , , ,73,03,A+,09,"27
",26,45,71, , , ,71,04,A+,09,"36
", , , ,23, ,22,90,01,O,10,"10
", , , ,41,40, ,81,02,O,10,"20
", , , ,23,20, ,86,01,O,10,"10
", , , , , ,40,80,01,O,10,"10
",8.67
T150058528,71728722L,26,58,84, , , ,84,04,O,10,"40
",28,51,79, , , ,79,04,A+,09,"36
",26,49,75, , , ,75,03,A+,09,"27
",29,53,82, , , ,82,04,O,10,"40
",25,40,65, , , ,65,03,A,08,"24
", , , , ,35, ,70,01,A+,09,"09
", , , ,21, ,32,70,01,A+,09,"09
", , , ,21,37, ,77,02,A+,09,"18
", , , ,43, , ,86,01,O,10,"10
",28,50,78, , , ,78,03,A+,09,"27
",28,38,66, , , ,66,04,A,08,"32
",19,63,82, , , ,82,04,O,10,"40
",26,52,78, , , ,78,03,A+,09,"27
",28,37,65, , , ,65,04,A,08,"32
", , , ,22, ,21,86,01,O,10,"10
", , , ,41,20, ,61,02,A,08,"16
", , , ,22,17, ,78,01,A+,09,"09
", , , , , ,41,82,01,O,10,"10
",9.04
T150058529,71601174D,26,49,75, , , ,75,04,A+,09,"36
",25,46,71, , , ,71,04,A+,09,"36
",19,42,61, , , ,61,03,A,08,"24
",21,48,69, , , ,69,04,A,08,"32
",17,41,58, , , ,58,03,B+,07,"21
", , , , ,43, ,86,01,O,10,"10
", , , ,23, ,42,86,01,O,10,"10
", , , ,22,44, ,88,02,O,10,"20
", , , ,39, , ,78,01,A+,09,"09
",26,44,70, , , ,70,03,A+,09,"27
",26,54,80, , , ,80,04,O,10,"40
",18,51,69, , , ,69,04,A,08,"32
",17,44,61, , , ,61,03,A,08,"24
",24,45,69, , , ,69,04,A,08,"32
", , , ,24, ,23,94,01,O,10,"10
", , , ,47,47, ,94,02,O,10,"20
", , , ,22,15, ,74,01,A+,09,"09
", , , , , ,47,94,01,O,10,"10
",8.74
T150058530,71600865D,5,AB/070,5, , , ,FF,04,F,00,"00
",16,34,50, , , ,50,04,B,06,"24
",14,31,45, , , ,45,03,C,05,"15
",10,AB/070,10, , , ,FF,04,F,00,"00
",13,38,51, , , ,51,03,B,06,"18
", , , , ,28, ,56,01,B+,07,"07
", , , ,10, ,22,42,01,P,04,"04
", , , ,16,32, ,64,02,A,08,"16
", , , ,23, , ,46,01,C,05,"05
",14,29,43, , , ,43,03,P,04,"12
",8,26,34, , , ,FF,04,F,00,"00
",5,10,15, , , ,FF,04,F,00,"00
",13,39,52, , , ,52,03,B,06,"18
",14,29,43, , , ,43,04,P,04,"16
", , , ,10, ,AB/025,FF,01,F,00,"00
", , , ,20,AB/050, ,FF,02,F,00,"00
", , , ,13,AB/025, ,FF,01,F,00,"00
", , , , , ,AB/050,FF,01,F,00,"00
",0
T150058532,71601341L,4,21,25, , , ,FF,04,F,00,"00
",17,AB/070,17, , , ,FF,04,F,00,"00
",15,AB/070,15, , , ,FF,03,F,00,"00
",12,28,40, , , ,40,04,P,04,"16
",19,30,49, , , ,49,03,C,05,"15
", , , , ,22, ,44,01,P,04,"04
", , , ,12, ,0,FF,01,F,00,"00
", , , ,10,8, ,FF,02,F,00,"00
", , , ,36, , ,72,01,A+,09,"09
",13,6,19, , , ,FF,03,F,00,"00
",5,6,11, , , ,FF,04,F,00,"00
",8,35,43, , , ,43,04,P,04,"16
",14,AB/070,14, , , ,FF,03,F,00,"00
",18,35,53, , , ,53,04,B,06,"24
", , , ,10, ,AB/025,FF,01,F,00,"00
", , , ,20,AB/050, ,FF,02,F,00,"00
", , , ,10,AB/025, ,FF,01,F,00,"00
", , , , , ,32,64,01,A,08,"08
",0
T150058533,71601347K,23,48,71, , , ,71,04,A+,09,"36
",29,49,78, , , ,78,04,A+,09,"36
",22,33,55, , , ,55,03,B+,07,"21
",22,29,51, , , ,51,04,B,06,"24
",20,41,61, , , ,61,03,A,08,"24
", , , , ,41, ,82,01,O,10,"10
", , , ,19, ,40,78,01,A+,09,"09
", , , ,21,38, ,78,02,A+,09,"18
", , , ,40, , ,80,01,O,10,"10
",28,45,73, , , ,73,03,A+,09,"27
",25,33,58, , , ,58,04,B+,07,"28
",16,41,57, , , ,57,04,B+,07,"28
",13,38,51, , , ,51,03,B,06,"18
",26,46,72, , , ,72,04,A+,09,"36
", , , ,20, ,22,84,01,O,10,"10
", , , ,36,41, ,77,02,A+,09,"18
", , , ,20,20, ,80,01,O,10,"10
", , , , , ,44,88,01,O,10,"10
",8.11
T150058534,71728723J,25,56,81, , , ,81,04,O,10,"40
",28,58,86, , , ,86,04,O,10,"40
",25,49,74, , , ,74,03,A+,09,"27
",29,41,70, , , ,70,04,A+,09,"36
",27,52,79, , , ,79,03,A+,09,"27
", , , , ,35, ,70,01,A+,09,"09
", , , ,20, ,36,74,01,A+,09,"09
", , , ,23,42, ,86,02,O,10,"20
", , , ,45, , ,90,01,O,10,"10
",28,51,79, , , ,79,03,A+,09,"27
",28,48,76, , , ,76,04,A+,09,"36
",26,49,75, , , ,75,04,A+,09,"36
",25,59,84, , , ,84,03,O,10,"30
",28,46,74, , , ,74,04,A+,09,"36
", , , ,22, ,24,92,01,O,10,"10
", , , ,42,24, ,66,02,A,08,"16
", , , ,24,24, ,96,01,O,10,"10
", , , , , ,46,92,01,O,10,"10
",9.33
T150058535,71728724G,17,28,45, , , ,45,04,C,05,"20
",20,50,70, , , ,70,04,A+,09,"36
",18,47,65, , , ,65,03,A,08,"24
",24,30,54, , , ,54,04,B,06,"24
",22,43,65, , , ,65,03,A,08,"24
", , , , ,39, ,78,01,A+,09,"09
", , , ,21, ,42,84,01,O,10,"10
", , , ,21,38, ,78,02,A+,09,"18
", , , ,45, , ,90,01,O,10,"10
",23,46,69, , , ,69,03,A,08,"24
",21,45,66, , , ,66,04,A,08,"32
",9,45,54, , , ,54,04,B,06,"24
",22,56,78, , , ,78,03,A+,09,"27
",28,43,71, , , ,71,04,A+,09,"36
", , , ,22, ,18,80,01,O,10,"10
", , , ,36,23, ,59,02,B+,07,"14
", , , ,22,19, ,82,01,O,10,"10
", , , , , ,45,90,01,O,10,"10
",7.87
T150058536,71600794M,30,53,83, , , ,83,04,O,10,"40
",29,47,76, , , ,76,04,A+,09,"36
",26,44,70, , , ,70,03,A+,09,"27
",27,34,61, , , ,61,04,A,08,"32
",27,50,77, , , ,77,03,A+,09,"27
", , , , ,46, ,92,01,O,10,"10
", , , ,23, ,46,92,01,O,10,"10
", , , ,24,47, ,94,02,O,10,"20
", , , ,48, , ,96,01,O,10,"10
",30,50,80, , , ,80,03,O,10,"30
",29,48,77, , , ,77,04,A+,09,"36
",23,53,76, , , ,76,04,A+,09,"36
",19,52,71, , , ,71,03,A+,09,"27
",29,52,81, , , ,81,04,O,10,"40
", , , ,24, ,24,96,01,O,10,"10
", , , ,44,39, ,83,02,O,10,"20
", , , ,23,23, ,92,01,O,10,"10
", , , , , ,47,94,01,O,10,"10
",9.37
T150058537,71601266K,25,46,71, , , ,71,04,A+,09,"36
",26,56,82, , , ,82,04,O,10,"40
",25,48,73, , , ,73,03,A+,09,"27
",25,44,69, , , ,69,04,A,08,"32
",25,46,71, , , ,71,03,A+,09,"27
", , , , ,38, ,76,01,A+,09,"09
", , , ,22, ,35,76,01,A+,09,"09
", , , ,24,35, ,78,02,A+,09,"18
", , , ,38, , ,76,01,A+,09,"09
",26,48,74, , , ,74,03,A+,09,"27
",16,42,58, , , ,58,04,B+,07,"28
",27,43,70, , , ,70,04,A+,09,"36
",21,41,62, , , ,62,03,A,08,"24
",27,58,85, , , ,85,04,O,10,"40
", , , ,23, ,16,78,01,A+,09,"09
", , , ,46,43, ,89,02,O,10,"20
", , , ,23,19, ,84,01,O,10,"10
", , , , , ,45,90,01,O,10,"10
",8.93
T150058538,71728725E,19,45,64, , , ,64,04,A,08,"32
",24,46,70, , , ,70,04,A+,09,"36
",20,45,65, , , ,65,03,A,08,"24
",27,38,65, , , ,65,04,A,08,"32
",24,43,67, , , ,67,03,A,08,"24
", , , , ,36, ,72,01,A+,09,"09
", , , ,22, ,32,72,01,A+,09,"09
", , , ,21,22, ,57,02,B+,07,"14
", , , ,44, , ,88,01,O,10,"10
",19,45,64, , , ,64,03,A,08,"24
",22,39,61, , , ,61,04,A,08,"32
",18,43,61, , , ,61,04,A,08,"32
",20,61,81, , , ,81,03,O,10,"30
",24,36,60, , , ,60,04,A,08,"32
", , , ,22, ,21,86,01,O,10,"10
", , , ,40,21, ,61,02,A,08,"16
", , , ,22,19, ,82,01,O,10,"10
", , , , , ,42,84,01,O,10,"10
",8.39
T150058539,71728726C,8,32,40, , , ,40,04,P,04,"16
",16,46,62, , , ,62,04,A,08,"32
",12,28,40, , , ,40,03,P,04,"12
",17,42,59, , , ,59,04,B+,07,"28
",15,38,53, , , ,53,03,B,06,"18
", , , , ,34, ,68,01,A,08,"08
", , , ,19, ,32,68,01,A,08,"08
", , , ,21,36, ,76,02,A+,09,"18
", , , ,42, , ,84,01,O,10,"10
",18,33,51, , , ,51,03,B,06,"18
",20,35,55, , , ,55,04,B+,07,"28
",12,32,44, , , ,44,04,P,04,"16
",24,35,59, , , ,59,03,B+,07,"21
",18,39,57, , , ,57,04,B+,07,"28
", , , ,22, ,18,80,01,O,10,"10
", , , ,33,20, ,53,02,B,06,"12
", , , ,21,20, ,82,01,O,10,"10
", , , , , ,46,92,01,O,10,"10
",6.59
T150058540,71600927H,30,62,92, , , ,92,04,O,10,"40
",27,57,84, , , ,84,04,O,10,"40
",23,48,71, , , ,71,03,A+,09,"27
",26,56,82, , , ,82,04,O,10,"40
",24,44,68, , , ,68,03,A,08,"24
", , , , ,43, ,86,01,O,10,"10
", , , ,22, ,43,86,01,O,10,"10
", , , ,23,44, ,89,02,O,10,"20
", , , ,41, , ,82,01,O,10,"10
",26,44,70, , , ,70,03,A+,09,"27
",22,48,70, , , ,70,04,A+,09,"36
",28,55,83, , , ,83,04,O,10,"40
",21,44,65, , , ,65,03,A,08,"24
",26,51,77, , , ,77,04,A+,09,"36
", , , ,21, ,21,84,01,O,10,"10
", , , ,40,20, ,60,02,A,08,"16
", , , ,24,24, ,96,01,O,10,"10
", , , , , ,47,94,01,O,10,"10
",9.35
T150058541,71600789E,26,47,73, , , ,73,04,A+,09,"36
",23,49,72, , , ,72,04,A+,09,"36
",23,40,63, , , ,63,03,A,08,"24
",19,43,62, , , ,62,04,A,08,"32
",14,46,60, , , ,60,03,A,08,"24
", , , , ,39, ,78,01,A+,09,"09
", , , ,19, ,39,77,01,A+,09,"09
", , , ,22,40, ,82,02,O,10,"20
", , , ,38, , ,76,01,A+,09,"09
",29,44,73, , , ,73,03,A+,09,"27
",24,34,58, , , ,58,04,B+,07,"28
",25,54,79, , , ,79,04,A+,09,"36
",21,56,77, , , ,77,03,A+,09,"27
",24,44,68, , , ,68,04,A,08,"32
", , , ,22, ,22,88,01,O,10,"10
", , , ,37,40, ,77,02,A+,09,"18
", , , ,21,16, ,74,01,A+,09,"09
", , , , , ,38,76,01,A+,09,"09
",8.59
T150058542,71600914F,26,47,73, , , ,73,04,A+,09,"36
",24,57,81, , , ,81,04,O,10,"40
",26,44,70, , , ,70,03,A+,09,"27
",19,37,56, , , ,56,04,B+,07,"28
",26,49,75, , , ,75,03,A+,09,"27
", , , , ,42, ,84,01,O,10,"10
", , , ,23, ,43,88,01,O,10,"10
", , , ,23,43, ,88,02,O,10,"20
", , , ,44, , ,88,01,O,10,"10
",25,45,70, , , ,70,03,A+,09,"27
",26,46,72, , , ,72,04,A+,09,"36
",23,54,77, , , ,77,04,A+,09,"36
",20,42,62, , , ,62,03,A,08,"24
",27,40,67, , , ,67,04,A,08,"32
", , , ,23, ,22,90,01,O,10,"10
", , , ,41,44, ,85,02,O,10,"20
", , , ,23,23, ,92,01,O,10,"10
", , , , , ,45,90,01,O,10,"10
",8.98
T150058543,71600860C,30,28,58, , , ,58,04,B+,07,"28
",21,50,71, , , ,71,04,A+,09,"36
",20,41,61, , , ,61,03,A,08,"24
",23,30,53, , , ,53,04,B,06,"24
",18,38,56, , , ,56,03,B+,07,"21
", , , , ,39, ,78,01,A+,09,"09
", , , ,20, ,39,78,01,A+,09,"09
", , , ,22,38, ,80,02,O,10,"20
", , , ,38, , ,76,01,A+,09,"09
",22,38,60, , , ,60,03,A,08,"24
",13,39,52, , , ,52,04,B,06,"24
",14,46,60, , , ,60,04,A,08,"32
",18,48,66, , , ,66,03,A,08,"24
",27,52,79, , , ,79,04,A+,09,"36
", , , ,23, ,22,90,01,O,10,"10
", , , ,37,38, ,75,02,A+,09,"18
", , , ,21,20, ,82,01,O,10,"10
", , , , , ,45,90,01,O,10,"10
",8
T150058544,71600751H,26,37,63, , , ,63,04,A,08,"32
",24,56,80, , , ,80,04,O,10,"40
",26,39,65, , , ,65,03,A,08,"24
",26,38,64, , , ,64,04,A,08,"32
",27,47,74, , , ,74,03,A+,09,"27
", , , , ,42, ,84,01,O,10,"10
", , , ,22, ,41,84,01,O,10,"10
", , , ,23,38, ,81,02,O,10,"20
", , , ,39, , ,78,01,A+,09,"09
",29,50,79, , , ,79,03,A+,09,"27
",22,40,62, , , ,62,04,A,08,"32
",22,60,82, , , ,82,04,O,10,"40
",26,55,81, , , ,81,03,O,10,"30
",27,48,75, , , ,75,04,A+,09,"36
", , , ,22, ,22,88,01,O,10,"10
", , , ,37,40, ,77,02,A+,09,"18
", , , ,21,23, ,88,01,O,10,"10
", , , , , ,39,78,01,A+,09,"09
",9.04
T150058545,71601242B,16,36,52, , , ,52,04,B,06,"24
",19,48,67, , , ,67,04,A,08,"32
",21,29,50, , , ,50,03,B,06,"18
",18,29,47, , , ,47,04,C,05,"20
",13,40,53, , , ,53,03,B,06,"18
", , , , ,40, ,80,01,O,10,"10
", , , ,21, ,41,82,01,O,10,"10
", , , ,22,33, ,73,02,A+,09,"18
", , , ,38, , ,76,01,A+,09,"09
",20,42,62, , , ,62,03,A,08,"24
",19,30,49, , , ,49,04,C,05,"20
",18,42,60, , , ,60,04,A,08,"32
",17,46,63, , , ,63,03,A,08,"24
",27,48,75, , , ,75,04,A+,09,"36
", , , ,22, ,23,90,01,O,10,"10
", , , ,31,40, ,71,02,A+,09,"18
", , , ,22,24, ,92,01,O,10,"10
", , , , , ,46,92,01,O,10,"10
",7.46
T150058546,71601319D,28,40,68, , , ,68,04,A,08,"32
",22,53,75, , , ,75,04,A+,09,"36
",21,33,54, , , ,54,03,B,06,"18
",23,33,56, , , ,56,04,B+,07,"28
",15,40,55, , , ,55,03,B+,07,"21
", , , , ,42, ,84,01,O,10,"10
", , , ,23, ,42,86,01,O,10,"10
", , , ,23,42, ,86,02,O,10,"20
", , , ,45, , ,90,01,O,10,"10
",25,46,71, , , ,71,03,A+,09,"27
",26,32,58, , , ,58,04,B+,07,"28
",17,55,72, , , ,72,04,A+,09,"36
",21,43,64, , , ,64,03,A,08,"24
",25,42,67, , , ,67,04,A,08,"32
", , , ,24, ,22,92,01,O,10,"10
", , , ,41,35, ,76,02,A+,09,"18
", , , ,22,20, ,84,01,O,10,"10
", , , , , ,44,88,01,O,10,"10
",8.26
T150058547,71600901D,26,34,60, , , ,60,04,A,08,"32
",20,39,59, , , ,59,04,B+,07,"28
",19,37,56, , , ,56,03,B+,07,"21
",24,29,53, , , ,53,04,B,06,"24
",17,37,54, , , ,54,03,B,06,"18
", , , , ,35, ,70,01,A+,09,"09
", , , ,21, ,38,78,01,A+,09,"09
", , , ,22,35, ,76,02,A+,09,"18
", , , ,39, , ,78,01,A+,09,"09
",17,33,50, , , ,50,03,B,06,"18
",19,33,52, , , ,52,04,B,06,"24
",23,22,45, , , ,FF,04,F,00,"00
",21,37,58, , , ,58,03,B+,07,"21
",24,43,67, , , ,67,04,A,08,"32
", , , ,24, ,16,80,01,O,10,"10
", , , ,26,10, ,FF,02,F,00,"00
", , , ,18,AB/025, ,FF,01,F,00,"00
", , , , , ,36,72,01,A+,09,"09
",0
T150058548,71601303H,18,29,47, , , ,47,04,C,05,"20
",17,49,66, , , ,66,04,A,08,"32
",16,34,50, , , ,50,03,B,06,"18
",18,32,50, , , ,50,04,B,06,"24
",18,48,66, , , ,66,03,A,08,"24
", , , , ,38, ,76,01,A+,09,"09
", , , ,22, ,39,81,01,O,10,"10
", , , ,20,35, ,73,02,A+,09,"18
", , , ,37, , ,74,01,A+,09,"09
",25,44,69, , , ,69,03,A,08,"24
",20,33,53, , , ,53,04,B,06,"24
",23,53,76, , , ,76,04,A+,09,"36
",22,47,69, , , ,69,03,A,08,"24
",23,41,64, , , ,64,04,A,08,"32
", , , ,22, ,22,88,01,O,10,"10
", , , ,42,28, ,70,02,A+,09,"18
", , , ,22,20, ,84,01,O,10,"10
", , , , , ,38,76,01,A+,09,"09
",7.63
T150058549,71600943K,26,33,59, , , ,59,04,B+,07,"28
",23,49,72, , , ,72,04,A+,09,"36
",18,35,53, , , ,53,03,B,06,"18
",23,37,60, , , ,60,04,A,08,"32
",17,38,55, , , ,55,03,B+,07,"21
", , , , ,29, ,58,01,B+,07,"07
", , , ,22, ,37,78,01,A+,09,"09
", , , ,21,35, ,74,02,A+,09,"18
", , , ,40, , ,80,01,O,10,"10
",19,36,55, , , ,55,03,B+,07,"21
",20,31,51, , , ,51,04,B,06,"24
",23,55,78, , , ,78,04,A+,09,"36
",22,40,62, , , ,62,03,A,08,"24
",26,34,60, , , ,60,04,A,08,"32
", , , ,23, ,22,90,01,O,10,"10
", , , ,39,36, ,75,02,A+,09,"18
", , , ,23,19, ,84,01,O,10,"10
", , , , , ,39,78,01,A+,09,"09
",7.89
T150058550,71728727M,13,28,41, , , ,41,04,P,04,"16
",13,48,61, , , ,61,04,A,08,"32
",27,33,60, , , ,60,03,A,08,"24
",25,56,81, , , ,81,04,O,10,"40
",17,43,60, , , ,60,03,A,08,"24
", , , , ,38, ,76,01,A+,09,"09
", , , ,21, ,39,80,01,O,10,"10
", , , ,22,33, ,73,02,A+,09,"18
", , , ,38, , ,76,01,A+,09,"09
",19,38,57, , , ,57,03,B+,07,"21
",15,38,53, , , ,53,04,B,06,"24
",8,36,44, , , ,44,04,P,04,"16
",23,41,64, , , ,64,03,A,08,"24
",21,43,64, , , ,64,04,A,08,"32
", , , ,23, ,14,74,01,A+,09,"09
", , , ,35,22, ,57,02,B+,07,"14
", , , ,20,20, ,80,01,O,10,"10
", , , , , ,40,80,01,O,10,"10
",7.43
T150058551,71601041M,26,36,62, , , ,62,04,A,08,"32
",29,58,87, , , ,87,04,O,10,"40
",19,47,66, , , ,66,03,A,08,"24
",24,39,63, , , ,63,04,A,08,"32
",27,46,73, , , ,73,03,A+,09,"27
", , , , ,41, ,82,01,O,10,"10
", , , ,21, ,42,84,01,O,10,"10
", , , ,24,38, ,82,02,O,10,"20
", , , ,44, , ,88,01,O,10,"10
",30,45,75, , , ,75,03,A+,09,"27
",27,45,72, , , ,72,04,A+,09,"36
",24,55,79, , , ,79,04,A+,09,"36
",24,50,74, , , ,74,03,A+,09,"27
",29,50,79, , , ,79,04,A+,09,"36
", , , ,22, ,23,90,01,O,10,"10
", , , ,46,44, ,90,02,O,10,"20
", , , ,24,24, ,96,01,O,10,"10
", , , , , ,47,94,01,O,10,"10
",9.07
T150058552,71728728K,18,35,53, , , ,53,04,B,06,"24
",26,56,82, , , ,82,04,O,10,"40
",25,38,63, , , ,63,03,A,08,"24
",30,41,71, , , ,71,04,A+,09,"36
",27,49,76, , , ,76,03,A+,09,"27
", , , , ,38, ,76,01,A+,09,"09
", , , ,21, ,38,78,01,A+,09,"09
", , , ,22,35, ,76,02,A+,09,"18
", , , ,41, , ,82,01,O,10,"10
",30,49,79, , , ,79,03,A+,09,"27
",20,45,65, , , ,65,04,A,08,"32
",22,46,68, , , ,68,04,A,08,"32
",27,55,82, , , ,82,03,O,10,"30
",29,47,76, , , ,76,04,A+,09,"36
", , , ,23, ,22,90,01,O,10,"10
", , , ,39,37, ,76,02,A+,09,"18
", , , ,21,21, ,84,01,O,10,"10
", , , , , ,38,76,01,A+,09,"09
",8.72
T150058553,71601254F,22,44,66, , , ,66,04,A,08,"32
",25,53,78, , , ,78,04,A+,09,"36
",26,47,73, , , ,73,03,A+,09,"27
",28,37,65, , , ,65,04,A,08,"32
",22,48,70, , , ,70,03,A+,09,"27
", , , , ,42, ,84,01,O,10,"10
", , , ,21, ,44,86,01,O,10,"10
", , , ,24,40, ,85,02,O,10,"20
", , , ,47, , ,94,01,O,10,"10
",24,47,71, , , ,71,03,A+,09,"27
",23,48,71, , , ,71,04,A+,09,"36
",27,58,85, , , ,85,04,O,10,"40
",27,56,83, , , ,83,03,O,10,"30
",30,51,81, , , ,81,04,O,10,"40
", , , ,21, ,22,86,01,O,10,"10
", , , ,40,32, ,72,02,A+,09,"18
", , , ,20,18, ,76,01,A+,09,"09
", , , , , ,45,90,01,O,10,"10
",9.22
T150058554,71601144B,14,31,45, , , ,45,04,C,05,"20
",15,43,58, , , ,58,04,B+,07,"28
",17,39,56, , , ,56,03,B+,07,"21
",23,28,51, , , ,51,04,B,06,"24
",20,34,54, , , ,54,03,B,06,"18
", , , , ,35, ,70,01,A+,09,"09
", , , ,22, ,34,74,01,A+,09,"09
", , , ,22,42, ,85,02,O,10,"20
", , , ,44, , ,88,01,O,10,"10
",27,44,71, , , ,71,03,A+,09,"27
",19,32,51, , , ,51,04,B,06,"24
",27,38,65, , , ,65,04,A,08,"32
",26,31,57, , , ,57,03,B+,07,"21
",27,38,65, , , ,65,04,A,08,"32
", , , ,24, ,23,94,01,O,10,"10
", , , ,40,39, ,79,02,A+,09,"18
", , , ,20,17, ,74,01,A+,09,"09
", , , , , ,44,88,01,O,10,"10
",7.43
T150058555,71600852B,28,35,63, , , ,63,04,A,08,"32
",19,44,63, , , ,63,04,A,08,"32
",17,31,48, , , ,48,03,C,05,"15
",16,35,51, , , ,51,04,B,06,"24
",16,43,59, , , ,59,03,B+,07,"21
", , , , ,41, ,82,01,O,10,"10
", , , ,22, ,42,85,01,O,10,"10
", , , ,24,44, ,90,02,O,10,"20
", , , ,42, , ,84,01,O,10,"10
",21,43,64, , , ,64,03,A,08,"24
",16,28,44, , , ,44,04,P,04,"16
",25,44,69, , , ,69,04,A,08,"32
",13,28,41, , , ,41,03,P,04,"12
",21,38,59, , , ,59,04,B+,07,"28
", , , ,22, ,22,88,01,O,10,"10
", , , ,37,38, ,75,02,A+,09,"18
", , , ,22,21, ,86,01,O,10,"10
", , , , , ,47,94,01,O,10,"10
",7.26
T150058556,71601235K,20,46,66, , , ,66,04,A,08,"32
",19,52,71, , , ,71,04,A+,09,"36
",22,44,66, , , ,66,03,A,08,"24
",26,36,62, , , ,62,04,A,08,"32
",25,49,74, , , ,74,03,A+,09,"27
", , , , ,43, ,86,01,O,10,"10
", , , ,22, ,45,89,01,O,10,"10
", , , ,22,42, ,85,02,O,10,"20
", , , ,44, , ,88,01,O,10,"10
",28,44,72, , , ,72,03,A+,09,"27
",16,34,50, , , ,50,04,B,06,"24
",25,47,72, , , ,72,04,A+,09,"36
",19,45,64, , , ,64,03,A,08,"24
",26,43,69, , , ,69,04,A,08,"32
", , , ,20, ,21,82,01,O,10,"10
", , , ,39,41, ,80,02,O,10,"20
", , , ,19,20, ,78,01,A+,09,"09
", , , , , ,46,92,01,O,10,"10
",8.54
T150058557,71601256B,27,52,79, , , ,79,04,A+,09,"36
",23,45,68, , , ,68,04,A,08,"32
",19,32,51, , , ,51,03,B,06,"18
",21,32,53, , , ,53,04,B,06,"24
",20,36,56, , , ,56,03,B+,07,"21
", , , , ,42, ,84,01,O,10,"10
", , , ,23, ,43,88,01,O,10,"10
", , , ,23,39, ,82,02,O,10,"20
", , , ,38, , ,76,01,A+,09,"09
",29,45,74, , , ,74,03,A+,09,"27
",27,39,66, , , ,66,04,A,08,"32
",27,60,87, , , ,87,04,O,10,"40
",18,31,49, , , ,49,03,C,05,"15
",28,47,75, , , ,75,04,A+,09,"36
", , , ,21, ,20,82,01,O,10,"10
", , , ,44,40, ,84,02,O,10,"20
", , , ,22,21, ,86,01,O,10,"10
", , , , , ,44,88,01,O,10,"10
",8.26
T150058558,71728729H,15,43,58, , , ,58,04,B+,07,"28
",21,47,68, , , ,68,04,A,08,"32
",28,34,62, , , ,62,03,A,08,"24
",23,31,54, , , ,54,04,B,06,"24
",21,48,69, , , ,69,03,A,08,"24
", , , , ,30, ,60,01,A,08,"08
", , , ,21, ,36,76,01,A+,09,"09
", , , ,22,33, ,73,02,A+,09,"18
", , , ,43, , ,86,01,O,10,"10
",26,41,67, , , ,67,03,A,08,"24
",18,36,54, , , ,54,04,B,06,"24
",19,46,65, , , ,65,04,A,08,"32
",15,49,64, , , ,64,03,A,08,"24
",27,42,69, , , ,69,04,A,08,"32
", , , ,22, ,20,84,01,O,10,"10
", , , ,43,34, ,77,02,A+,09,"18
", , , ,22,18, ,80,01,O,10,"10
", , , , , ,43,86,01,O,10,"10
",7.85
T150058560,71601134E,17,31,48, , , ,48,04,C,05,"20
",21,44,65, , , ,65,04,A,08,"32
",18,36,54, , , ,54,03,B,06,"18
",9,44,53, , , ,53,04,B,06,"24
",20,40,60, , , ,60,03,A,08,"24
", , , , ,38, ,76,01,A+,09,"09
", , , ,19, ,34,70,01,A+,09,"09
", , , ,21,23, ,58,02,B+,07,"14
", , , ,36, , ,72,01,A+,09,"09
",17,36,53, , , ,53,03,B,06,"18
",9,35,44, , , ,44,04,P,04,"16
",11,37,48, , , ,48,04,C,05,"20
",20,47,67, , , ,67,03,A,08,"24
",23,38,61, , , ,61,04,A,08,"32
", , , ,21, ,18,78,01,A+,09,"09
", , , ,23,10, ,FF,02,F,00,"00
", , , ,18,AB/025, ,FF,01,F,00,"00
", , , , , ,37,74,01,A+,09,"09
",0
T150058561,71600800K,21,34,55, , , ,55,04,B+,07,"28
",24,32,56, , , ,56,04,B+,07,"28
",23,43,66, , , ,66,03,A,08,"24
",24,43,67, , , ,67,04,A,08,"32
",26,52,78, , , ,78,03,A+,09,"27
", , , , ,38, ,76,01,A+,09,"09
", , , ,21, ,40,81,01,O,10,"10
", , , ,22,39, ,81,02,O,10,"20
", , , ,43, , ,86,01,O,10,"10
",30,58,88, , , ,88,03,O,10,"30
",20,38,58, , , ,58,04,B+,07,"28
",18,53,71, , , ,71,04,A+,09,"36
",20,43,63, , , ,63,03,A,08,"24
",29,48,77, , , ,77,04,A+,09,"36
", , , ,21, ,15,72,01,A+,09,"09
", , , ,42,42, ,84,02,O,10,"20
", , , ,23,22, ,90,01,O,10,"10
", , , , , ,38,76,01,A+,09,"09
",8.48
T150058562,71600909K,12,57,69, , , ,69,04,A,08,"32
",16,32,48, , , ,48,04,C,05,"20
",23,45,68, , , ,68,03,A,08,"24
",21,49,70, , , ,70,04,A+,09,"36
",19,46,65, , , ,65,03,A,08,"24
", , , , ,38, ,76,01,A+,09,"09
", , , ,22, ,40,82,01,O,10,"10
", , , ,22,38, ,80,02,O,10,"20
", , , ,38, , ,76,01,A+,09,"09
",23,52,75, , , ,75,03,A+,09,"27
",15,42,57, , , ,57,04,B+,07,"28
",25,58,83, , , ,83,04,O,10,"40
",19,42,61, , , ,61,03,A,08,"24
",27,46,73, , , ,73,04,A+,09,"36
", , , ,22, ,20,84,01,O,10,"10
", , , ,37,43, ,80,02,O,10,"20
", , , ,20,23, ,86,01,O,10,"10
", , , , , ,46,92,01,O,10,"10
",8.46
T150058563,71601110H,30,48,78, , , ,78,04,A+,09,"36
",25,33,58, , , ,58,04,B+,07,"28
",25,40,65, , , ,65,03,A,08,"24
",28,61,89, , , ,89,04,O,10,"40
",25,41,66, , , ,66,03,A,08,"24
", , , , ,39, ,78,01,A+,09,"09
", , , ,24, ,43,89,01,O,10,"10
", , , ,23,43, ,88,02,O,10,"20
", , , ,45, , ,90,01,O,10,"10
",29,48,77, , , ,77,03,A+,09,"27
",23,46,69, , , ,69,04,A,08,"32
",25,56,81, , , ,81,04,O,10,"40
",21,45,66, , , ,66,03,A,08,"24
",28,43,71, , , ,71,04,A+,09,"36
", , , ,23, ,20,86,01,O,10,"10
", , , ,43,37, ,80,02,O,10,"20
", , , ,22,21, ,86,01,O,10,"10
", , , , , ,46,92,01,O,10,"10
",8.91
T150058565,71601223F,26,48,74, , , ,74,04,A+,09,"36
",23,43,66, , , ,66,04,A,08,"32
",24,48,72, , , ,72,03,A+,09,"27
",29,57,86, , , ,86,04,O,10,"40
",21,51,72, , , ,72,03,A+,09,"27
", , , , ,45, ,90,01,O,10,"10
", , , ,24, ,45,92,01,O,10,"10
", , , ,24,46, ,93,02,O,10,"20
", , , ,48, , ,96,01,O,10,"10
",30,57,87, , , ,87,03,O,10,"30
",28,47,75, , , ,75,04,A+,09,"36
",27,60,87, , , ,87,04,O,10,"40
",23,45,68, , , ,68,03,A,08,"24
",29,55,84, , , ,84,04,O,10,"40
", , , ,23, ,24,94,01,O,10,"10
", , , ,48,46, ,94,02,O,10,"20
", , , ,24,18, ,84,01,O,10,"10
", , , , , ,44,88,01,O,10,"10
",9.39
T150058566,71601070E,24,60,84, , , ,84,04,O,10,"40
",26,37,63, , , ,63,04,A,08,"32
",21,44,65, , , ,65,03,A,08,"24
",24,61,85, , , ,85,04,O,10,"40
",25,52,77, , , ,77,03,A+,09,"27
", , , , ,38, ,76,01,A+,09,"09
", , , ,21, ,38,78,01,A+,09,"09
", , , ,22,37, ,78,02,A+,09,"18
", , , ,37, , ,74,01,A+,09,"09
",25,43,68, , , ,68,03,A,08,"24
",25,40,65, , , ,65,04,A,08,"32
",30,59,89, , , ,89,04,O,10,"40
",19,33,52, , , ,52,03,B,06,"18
",28,46,74, , , ,74,04,A+,09,"36
", , , ,21, ,20,82,01,O,10,"10
", , , ,38,42, ,80,02,O,10,"20
", , , ,22,20, ,84,01,O,10,"10
", , , , , ,35,70,01,A+,09,"09
",8.85
T150058567,71728730M,11,39,50, , , ,50,04,B,06,"24
",21,34,55, , , ,55,04,B+,07,"28
",20,42,62, , , ,62,03,A,08,"24
",20,57,77, , , ,77,04,A+,09,"36
",18,51,69, , , ,69,03,A,08,"24
", , , , ,30, ,60,01,A,08,"08
", , , ,19, ,28,62,01,A,08,"08
", , , ,22,34, ,74,02,A+,09,"18
", , , ,41, , ,82,01,O,10,"10
",25,59,84, , , ,84,03,O,10,"30
",16,37,53, , , ,53,04,B,06,"24
",13,52,65, , , ,65,04,A,08,"32
",21,45,66, , , ,66,03,A,08,"24
",27,50,77, , , ,77,04,A+,09,"36
", , , ,22, ,21,86,01,O,10,"10
", , , ,38,21, ,59,02,B+,07,"14
", , , ,19,14, ,66,01,A,08,"08
", , , , , ,34,68,01,A,08,"08
",7.96
T150058568,71600838G,18,33,51, , , ,51,04,B,06,"24
",26,36,62, , , ,62,04,A,08,"32
",20,41,61, , , ,61,03,A,08,"24
",17,45,62, , , ,62,04,A,08,"32
",18,37,55, , , ,55,03,B+,07,"21
", , , , ,39, ,78,01,A+,09,"09
", , , ,19, ,32,68,01,A,08,"08
", , , ,23,34, ,76,02,A+,09,"18
", , , ,39, , ,78,01,A+,09,"09
",24,54,78, , , ,78,03,A+,09,"27
",17,39,56, , , ,56,04,B+,07,"28
",12,44,56, , , ,56,04,B+,07,"28
",23,33,56, , , ,56,03,B+,07,"21
",29,43,72, , , ,72,04,A+,09,"36
", , , ,24, ,13,74,01,A+,09,"09
", , , ,34,37, ,71,02,A+,09,"18
", , , ,22,16, ,76,01,A+,09,"09
", , , , , ,46,92,01,O,10,"10
",7.89
T150058569,71601123K,26,65,91, , , ,91,04,O,10,"40
",24,44,68, , , ,68,04,A,08,"32
",26,53,79, , , ,79,03,A+,09,"27
",30,63,93, , , ,93,04,O,10,"40
",25,52,77, , , ,77,03,A+,09,"27
", , , , ,43, ,86,01,O,10,"10
", , , ,22, ,44,88,01,O,10,"10
", , , ,24,47, ,94,02,O,10,"20
", , , ,47, , ,94,01,O,10,"10
",30,66,96, , , ,96,03,O,10,"30
",23,45,68, , , ,68,04,A,08,"32
",26,55,81, , , ,81,04,O,10,"40
",25,47,72, , , ,72,03,A+,09,"27
",29,56,85, , , ,85,04,O,10,"40
", , , ,23, ,24,94,01,O,10,"10
", , , ,38,43, ,81,02,O,10,"20
", , , ,23,23, ,92,01,O,10,"10
", , , , , ,44,88,01,O,10,"10
",9.46
T150058572,71600774G,26,55,81, , , ,81,04,O,10,"40
",27,38,65, , , ,65,04,A,08,"32
",24,42,66, , , ,66,03,A,08,"24
",29,57,86, , , ,86,04,O,10,"40
",23,41,64, , , ,64,03,A,08,"24
", , , , ,45, ,90,01,O,10,"10
", , , ,24, ,46,93,01,O,10,"10
", , , ,24,42, ,88,02,O,10,"20
", , , ,45, , ,90,01,O,10,"10
",29,56,85, , , ,85,03,O,10,"30
",26,34,60, , , ,60,04,A,08,"32
",21,41,62, , , ,62,04,A,08,"32
",21,41,62, , , ,62,03,A,08,"24
",26,54,80, , , ,80,04,O,10,"40
", , , ,24, ,24,96,01,O,10,"10
", , , ,40,43, ,83,02,O,10,"20
", , , ,21,20, ,82,01,O,10,"10
", , , , , ,46,92,01,O,10,"10
",9.09
T150058573,71601054C,13,31,44, , , ,44,04,P,04,"16
",13,35,48, , , ,48,04,C,05,"20
",17,28,45, , , ,45,03,C,05,"15
",16,20,36, , , ,FF,04,F,00,"00
",18,29,47, , , ,47,03,C,05,"15
", , , , ,32, ,64,01,A,08,"08
", , , ,19, ,30,65,01,A,08,"08
", , , ,22,25, ,62,02,A,08,"16
", , , ,38, , ,76,01,A+,09,"09
",22,41,63, , , ,63,03,A,08,"24
",15,28,43, , , ,43,04,P,04,"16
",16,41,57, , , ,57,04,B+,07,"28
",15,30,45, , , ,45,03,C,05,"15
",26,28,54, , , ,54,04,B,06,"24
", , , ,20, ,21,82,01,O,10,"10
", , , ,28,12, ,FF,02,F,00,"00
", , , ,18,16, ,68,01,A,08,"08
", , , , , ,37,74,01,A+,09,"09
",0
T150058574,71601052G,20,64,84, , , ,84,04,O,10,"40
",26,49,75, , , ,75,04,A+,09,"36
",23,46,69, , , ,69,03,A,08,"24
",26,52,78, , , ,78,04,A+,09,"36
",19,47,66, , , ,66,03,A,08,"24
", , , , ,44, ,88,01,O,10,"10
", , , ,23, ,43,88,01,O,10,"10
", , , ,24,37, ,81,02,O,10,"20
", , , ,43, , ,86,01,O,10,"10
",30,64,94, , , ,94,03,O,10,"30
",17,35,52, , , ,52,04,B,06,"24
",20,48,68, , , ,68,04,A,08,"32
",25,40,65, , , ,65,03,A,08,"24
",28,52,80, , , ,80,04,O,10,"40
", , , ,21, ,23,88,01,O,10,"10
", , , ,40,24, ,64,02,A,08,"16
", , , ,23,24, ,94,01,O,10,"10
", , , , , ,48,96,01,O,10,"10
",8.83
T150058575,71601018G,30,63,93, , , ,93,04,O,10,"40
",27,39,66, , , ,66,04,A,08,"32
",25,48,73, , , ,73,03,A+,09,"27
",29,60,89, , , ,89,04,O,10,"40
",25,52,77, , , ,77,03,A+,09,"27
", , , , ,45, ,90,01,O,10,"10
", , , ,24, ,46,93,01,O,10,"10
", , , ,24,45, ,92,02,O,10,"20
", , , ,43, , ,86,01,O,10,"10
",28,67,95, , , ,95,03,O,10,"30
",26,53,79, , , ,79,04,A+,09,"36
",26,51,77, , , ,77,04,A+,09,"36
",24,50,74, , , ,74,03,A+,09,"27
",29,53,82, , , ,82,04,O,10,"40
", , , ,22, ,24,92,01,O,10,"10
", , , ,48,45, ,93,02,O,10,"20
", , , ,24,24, ,96,01,O,10,"10
", , , , , ,48,96,01,O,10,"10
",9.46
T150058576,71728731K,22,46,68, , , ,68,04,A,08,"32
",26,47,73, , , ,73,04,A+,09,"36
",22,42,64, , , ,64,03,A,08,"24
",28,60,88, , , ,88,04,O,10,"40
",28,52,80, , , ,80,03,O,10,"30
", , , , ,40, ,80,01,O,10,"10
", , , ,21, ,40,81,01,O,10,"10
", , , ,22,44, ,88,02,O,10,"20
", , , ,44, , ,88,01,O,10,"10
",30,67,97, , , ,97,03,O,10,"30
",27,49,76, , , ,76,04,A+,09,"36
",28,56,84, , , ,84,04,O,10,"40
",24,54,78, , , ,78,03,A+,09,"27
",29,49,78, , , ,78,04,A+,09,"36
", , , ,23, ,20,86,01,O,10,"10
", , , ,43,41, ,84,02,O,10,"20
", , , ,22,19, ,82,01,O,10,"10
", , , , , ,42,84,01,O,10,"10
",9.37
T150058578,71600923E,12,41,53, , , ,53,04,B,06,"24
",23,32,55, , , ,55,04,B+,07,"28
",18,41,59, , , ,59,03,B+,07,"21
",18,49,67, , , ,67,04,A,08,"32
",16,36,52, , , ,52,03,B,06,"18
", , , , ,43, ,86,01,O,10,"10
", , , ,21, ,45,88,01,O,10,"10
", , , ,20,43, ,84,02,O,10,"20
", , , ,41, , ,82,01,O,10,"10
",28,50,78, , , ,78,03,A+,09,"27
",21,35,56, , , ,56,04,B+,07,"28
",24,47,71, , , ,71,04,A+,09,"36
",21,43,64, , , ,64,03,A,08,"24
",26,47,73, , , ,73,04,A+,09,"36
", , , ,20, ,22,84,01,O,10,"10
", , , ,30,40, ,70,02,A+,09,"18
", , , ,20,20, ,80,01,O,10,"10
", , , , , ,45,90,01,O,10,"10
",8.09
T150058579,71600975H,30,52,82, , , ,82,04,O,10,"40
",21,37,58, , , ,58,04,B+,07,"28
",21,35,56, , , ,56,03,B+,07,"21
",28,57,85, , , ,85,04,O,10,"40
",19,48,67, , , ,67,03,A,08,"24
", , , , ,42, ,84,01,O,10,"10
", , , ,22, ,44,88,01,O,10,"10
", , , ,23,43, ,88,02,O,10,"20
", , , ,44, , ,88,01,O,10,"10
",25,50,75, , , ,75,03,A+,09,"27
",28,45,73, , , ,73,04,A+,09,"36
",27,54,81, , , ,81,04,O,10,"40
",23,39,62, , , ,62,03,A,08,"24
",28,46,74, , , ,74,04,A+,09,"36
", , , ,23, ,20,86,01,O,10,"10
", , , ,48,36, ,84,02,O,10,"20
", , , ,23,23, ,92,01,O,10,"10
", , , , , ,47,94,01,O,10,"10
",9.04
T150058580,71600875M,14,45,59, , , ,59,04,B+,07,"28
",22,43,65, , , ,65,04,A,08,"32
",23,47,70, , , ,70,03,A+,09,"27
",21,49,70, , , ,70,04,A+,09,"36
",24,47,71, , , ,71,03,A+,09,"27
", , , , ,39, ,78,01,A+,09,"09
", , , ,21, ,40,81,01,O,10,"10
", , , ,23,42, ,86,02,O,10,"20
", , , ,39, , ,78,01,A+,09,"09
",29,54,83, , , ,83,03,O,10,"30
",26,42,68, , , ,68,04,A,08,"32
",25,56,81, , , ,81,04,O,10,"40
",21,32,53, , , ,53,03,B,06,"18
",30,43,73, , , ,73,04,A+,09,"36
", , , ,20, ,18,76,01,A+,09,"09
", , , ,34,30, ,64,02,A,08,"16
", , , ,18,19, ,74,01,A+,09,"09
", , , , , ,45,90,01,O,10,"10
",8.65
T150058581,71601098E,14,54,68, , , ,68,04,A,08,"32
",20,42,62, , , ,62,04,A,08,"32
",21,43,64, , , ,64,03,A,08,"24
",26,53,79, , , ,79,04,A+,09,"36
",24,52,76, , , ,76,03,A+,09,"27
", , , , ,42, ,84,01,O,10,"10
", , , ,22, ,43,86,01,O,10,"10
", , , ,22,39, ,81,02,O,10,"20
", , , ,40, , ,80,01,O,10,"10
",28,53,81, , , ,81,03,O,10,"30
",20,39,59, , , ,59,04,B+,07,"28
",28,48,76, , , ,76,04,A+,09,"36
",22,45,67, , , ,67,03,A,08,"24
",29,48,77, , , ,77,04,A+,09,"36
", , , ,24, ,19,86,01,O,10,"10
", , , ,39,25, ,64,02,A,08,"16
", , , ,23,18, ,82,01,O,10,"10
", , , , , ,40,80,01,O,10,"10
",8.72
T150058582,71601066G,12,50,62, , , ,62,04,A,08,"32
",19,37,56, , , ,56,04,B+,07,"28
",18,43,61, , , ,61,03,A,08,"24
",19,50,69, , , ,69,04,A,08,"32
",20,35,55, , , ,55,03,B+,07,"21
", , , , ,42, ,84,01,O,10,"10
", , , ,22, ,41,84,01,O,10,"10
", , , ,23,44, ,89,02,O,10,"20
", , , ,40, , ,80,01,O,10,"10
",26,51,77, , , ,77,03,A+,09,"27
",21,36,57, , , ,57,04,B+,07,"28
",16,48,64, , , ,64,04,A,08,"32
",20,42,62, , , ,62,03,A,08,"24
",24,51,75, , , ,75,04,A+,09,"36
", , , ,23, ,19,84,01,O,10,"10
", , , ,32,15, ,FF,02,F,00,"00
", , , ,22,18, ,80,01,O,10,"10
", , , , , ,46,92,01,O,10,"10
",0
T150058584,71600994D,19,43,62, , , ,62,04,A,08,"32
",25,29,54, , , ,54,04,B,06,"24
",17,40,57, , , ,57,03,B+,07,"21
",21,48,69, , , ,69,04,A,08,"32
",20,40,60, , , ,60,03,A,08,"24
", , , , ,41, ,82,01,O,10,"10
", , , ,22, ,42,85,01,O,10,"10
", , , ,23,41, ,85,02,O,10,"20
", , , ,41, , ,82,01,O,10,"10
",27,50,77, , , ,77,03,A+,09,"27
",19,32,51, , , ,51,04,B,06,"24
",14,53,67, , , ,67,04,A,08,"32
",23,36,59, , , ,59,03,B+,07,"21
",26,44,70, , , ,70,04,A+,09,"36
", , , ,23, ,24,94,01,O,10,"10
", , , ,36,22, ,58,02,B+,07,"14
", , , ,22,18, ,80,01,O,10,"10
", , , , , ,38,76,01,A+,09,"09
",7.96
T150058585,71601105M,17,35,52, , , ,52,04,B,06,"24
",18,29,47, , , ,47,04,C,05,"20
",13,37,50, , , ,50,03,B,06,"18
",21,43,64, , , ,64,04,A,08,"32
",16,44,60, , , ,60,03,A,08,"24
", , , , ,39, ,78,01,A+,09,"09
", , , ,18, ,39,76,01,A+,09,"09
", , , ,21,35, ,74,02,A+,09,"18
", , , ,40, , ,80,01,O,10,"10
",28,45,73, , , ,73,03,A+,09,"27
",23,31,54, , , ,54,04,B,06,"24
",15,42,57, , , ,57,04,B+,07,"28
",19,29,48, , , ,48,03,C,05,"15
",27,47,74, , , ,74,04,A+,09,"36
", , , ,24, ,18,84,01,O,10,"10
", , , ,31,36, ,67,02,A,08,"16
", , , ,20,17, ,74,01,A+,09,"09
", , , , , ,42,84,01,O,10,"10
",7.37
T150058586,71600867L,30,62,92, , , ,92,04,O,10,"40
",28,49,77, , , ,77,04,A+,09,"36
",26,47,73, , , ,73,03,A+,09,"27
",28,68,96, , , ,96,04,O,10,"40
",27,54,81, , , ,81,03,O,10,"30
", , , , ,45, ,90,01,O,10,"10
", , , ,24, ,44,90,01,O,10,"10
", , , ,24,38, ,82,02,O,10,"20
", , , ,47, , ,94,01,O,10,"10
",28,65,93, , , ,93,03,O,10,"30
",26,48,74, , , ,74,04,A+,09,"36
",30,61,91, , , ,91,04,O,10,"40
",27,43,70, , , ,70,03,A+,09,"27
",29,56,85, , , ,85,04,O,10,"40
", , , ,23, ,22,90,01,O,10,"10
", , , ,45,44, ,89,02,O,10,"20
", , , ,22,24, ,92,01,O,10,"10
", , , , , ,42,84,01,O,10,"10
",9.7
T150058587,71601252K,21,48,69, , , ,69,04,A,08,"32
",24,35,59, , , ,59,04,B+,07,"28
",24,37,61, , , ,61,03,A,08,"24
",23,45,68, , , ,68,04,A,08,"32
",26,45,71, , , ,71,03,A+,09,"27
", , , , ,42, ,84,01,O,10,"10
", , , ,22, ,41,84,01,O,10,"10
", , , ,22,43, ,86,02,O,10,"20
", , , ,42, , ,84,01,O,10,"10
",30,59,89, , , ,89,03,O,10,"30
",25,39,64, , , ,64,04,A,08,"32
",22,55,77, , , ,77,04,A+,09,"36
",23,40,63, , , ,63,03,A,08,"24
",30,49,79, , , ,79,04,A+,09,"36
", , , ,21, ,19,80,01,O,10,"10
", , , ,44,38, ,82,02,O,10,"20
", , , ,23,19, ,84,01,O,10,"10
", , , , , ,41,82,01,O,10,"10
",8.72
T150058588,71601025K,12,43,55, , , ,55,04,B+,07,"28
",24,48,72, , , ,72,04,A+,09,"36
",21,32,53, , , ,53,03,B,06,"18
",7,44,51, , , ,51,04,B,06,"24
",16,34,50, , , ,50,03,B,06,"18
", , , , ,37, ,74,01,A+,09,"09
", , , ,21, ,40,81,01,O,10,"10
", , , ,23,37, ,80,02,O,10,"20
", , , ,43, , ,86,01,O,10,"10
",21,40,61, , , ,61,03,A,08,"24
",18,34,52, , , ,52,04,B,06,"24
",13,39,52, , , ,52,04,B,06,"24
",22,38,60, , , ,60,03,A,08,"24
",25,42,67, , , ,67,04,A,08,"32
", , , ,22, ,18,80,01,O,10,"10
", , , ,33,22, ,55,02,B+,07,"14
", , , ,22,18, ,80,01,O,10,"10
", , , , , ,41,82,01,O,10,"10
",7.5
T150058589,71728732H,17,63,80, , , ,80,04,O,10,"40
",27,34,61, , , ,61,04,A,08,"32
",23,37,60, , , ,60,03,A,08,"24
",27,54,81, , , ,81,04,O,10,"40
",24,32,56, , , ,56,03,B+,07,"21
", , , , ,42, ,84,01,O,10,"10
", , , ,22, ,43,86,01,O,10,"10
", , , ,23,41, ,85,02,O,10,"20
", , , ,44, , ,88,01,O,10,"10
",28,58,86, , , ,86,03,O,10,"30
",27,48,75, , , ,75,04,A+,09,"36
",19,58,77, , , ,77,04,A+,09,"36
",25,36,61, , , ,61,03,A,08,"24
",27,43,70, , , ,70,04,A+,09,"36
", , , ,23, ,21,88,01,O,10,"10
", , , ,43,39, ,82,02,O,10,"20
", , , ,21,20, ,82,01,O,10,"10
", , , , , ,43,86,01,O,10,"10
",9.11
T150058590,71601212L,20,64,84, , , ,84,04,O,10,"40
",25,36,61, , , ,61,04,A,08,"32
",23,43,66, , , ,66,03,A,08,"24
",24,62,86, , , ,86,04,O,10,"40
",23,47,70, , , ,70,03,A+,09,"27
", , , , ,42, ,84,01,O,10,"10
", , , ,18, ,44,82,01,O,10,"10
", , , ,22,44, ,88,02,O,10,"20
", , , ,35, , ,70,01,A+,09,"09
",26,61,87, , , ,87,03,O,10,"30
",26,42,68, , , ,68,04,A,08,"32
",19,48,67, , , ,67,04,A,08,"32
",22,32,54, , , ,54,03,B,06,"18
",28,47,75, , , ,75,04,A+,09,"36
", , , ,15, ,24,78,01,A+,09,"09
", , , ,20,30, ,50,02,B,06,"12
", , , ,16,20, ,72,01,A+,09,"09
", , , , , ,44,88,01,O,10,"10
",8.7
T150058591,71600870L,25,50,75, , , ,75,04,A+,09,"36
",27,47,74, , , ,74,04,A+,09,"36
",24,44,68, , , ,68,03,A,08,"24
",12,56,68, , , ,68,04,A,08,"32
",19,50,69, , , ,69,03,A,08,"24
", , , , ,41, ,82,01,O,10,"10
", , , ,18, ,39,76,01,A+,09,"09
", , , ,23,35, ,77,02,A+,09,"18
", , , ,44, , ,88,01,O,10,"10
",29,53,82, , , ,82,03,O,10,"30
",21,30,51, , , ,51,04,B,06,"24
",22,45,67, , , ,67,04,A,08,"32
",27,43,70, , , ,70,03,A+,09,"27
",29,50,79, , , ,79,04,A+,09,"36
", , , ,24, ,23,94,01,O,10,"10
", , , ,39,10, ,FF,02,F,00,"00
", , , ,22,19, ,82,01,O,10,"10
", , , , , ,42,84,01,O,10,"10
",0
T150058592,71601045D,22,58,80, , , ,80,04,O,10,"40
",30,42,72, , , ,72,04,A+,09,"36
",20,47,67, , , ,67,03,A,08,"24
",22,64,86, , , ,86,04,O,10,"40
",22,48,70, , , ,70,03,A+,09,"27
", , , , ,42, ,84,01,O,10,"10
", , , ,23, ,43,88,01,O,10,"10
", , , ,24,46, ,93,02,O,10,"20
", , , ,46, , ,92,01,O,10,"10
",27,56,83, , , ,83,03,O,10,"30
",26,40,66, , , ,66,04,A,08,"32
",25,57,82, , , ,82,04,O,10,"40
",22,43,65, , , ,65,03,A,08,"24
",26,48,74, , , ,74,04,A+,09,"36
", , , ,24, ,24,96,01,O,10,"10
", , , ,41,37, ,78,02,A+,09,"18
", , , ,22,20, ,84,01,O,10,"10
", , , , , ,46,92,01,O,10,"10
",9.28
T150058593,71601039K,22,62,84, , , ,84,04,O,10,"40
",22,55,77, , , ,77,04,A+,09,"36
",20,47,67, , , ,67,03,A,08,"24
",26,56,82, , , ,82,04,O,10,"40
",23,41,64, , , ,64,03,A,08,"24
", , , , ,40, ,80,01,O,10,"10
", , , ,23, ,40,84,01,O,10,"10
", , , ,22,43, ,86,02,O,10,"20
", , , ,39, , ,78,01,A+,09,"09
",29,50,79, , , ,79,03,A+,09,"27
",27,40,67, , , ,67,04,A,08,"32
",18,47,65, , , ,65,04,A,08,"32
",21,39,60, , , ,60,03,A,08,"24
",23,44,67, , , ,67,04,A,08,"32
", , , ,23, ,24,94,01,O,10,"10
", , , ,41,27, ,68,02,A,08,"16
", , , ,21,22, ,86,01,O,10,"10
", , , , , ,43,86,01,O,10,"10
",8.83
T150058595,71600896D,26,59,85, , , ,85,04,O,10,"40
",27,58,85, , , ,85,04,O,10,"40
",20,53,73, , , ,73,03,A+,09,"27
",28,63,91, , , ,91,04,O,10,"40
",27,48,75, , , ,75,03,A+,09,"27
", , , , ,46, ,92,01,O,10,"10
", , , ,24, ,46,93,01,O,10,"10
", , , ,24,47, ,94,02,O,10,"20
", , , ,48, , ,96,01,O,10,"10
",30,45,75, , , ,75,03,A+,09,"27
",28,37,65, , , ,65,04,A,08,"32
",25,59,84, , , ,84,04,O,10,"40
",27,50,77, , , ,77,03,A+,09,"27
",29,52,81, , , ,81,04,O,10,"40
", , , ,24, ,24,96,01,O,10,"10
", , , ,48,43, ,91,02,O,10,"20
", , , ,23,20, ,86,01,O,10,"10
", , , , , ,48,96,01,O,10,"10
",9.57
T150058596,71601226L,20,49,69, , , ,69,04,A,08,"32
",29,54,83, , , ,83,04,O,10,"40
",23,40,63, , , ,63,03,A,08,"24
",19,61,80, , , ,80,04,O,10,"40
",29,49,78, , , ,78,03,A+,09,"27
", , , , ,42, ,84,01,O,10,"10
", , , ,23, ,43,88,01,O,10,"10
", , , ,23,44, ,89,02,O,10,"20
", , , ,40, , ,80,01,O,10,"10
",29,47,76, , , ,76,03,A+,09,"27
",26,43,69, , , ,69,04,A,08,"32
",29,48,77, , , ,77,04,A+,09,"36
",27,44,71, , , ,71,03,A+,09,"27
",29,50,79, , , ,79,04,A+,09,"36
", , , ,22, ,22,88,01,O,10,"10
", , , ,43,41, ,84,02,O,10,"20
", , , ,22,21, ,86,01,O,10,"10
", , , , , ,45,90,01,O,10,"10
",9.15
T150058597,71601141H,30,56,86, , , ,86,04,O,10,"40
",27,49,76, , , ,76,04,A+,09,"36
",23,51,74, , , ,74,03,A+,09,"27
",25,55,80, , , ,80,04,O,10,"40
",26,47,73, , , ,73,03,A+,09,"27
", , , , ,45, ,90,01,O,10,"10
", , , ,24, ,46,93,01,O,10,"10
", , , ,23,41, ,85,02,O,10,"20
", , , ,44, , ,88,01,O,10,"10
",30,42,72, , , ,72,03,A+,09,"27
",23,37,60, , , ,60,04,A,08,"32
",20,54,74, , , ,74,04,A+,09,"36
",22,37,59, , , ,59,03,B+,07,"21
",24,50,74, , , ,74,04,A+,09,"36
", , , ,24, ,24,96,01,O,10,"10
", , , ,40,38, ,78,02,A+,09,"18
", , , ,23,24, ,94,01,O,10,"10
", , , , , ,47,94,01,O,10,"10
",9.13
T150058598,71601032B,18,59,77, , , ,77,04,A+,09,"36
",26,55,81, , , ,81,04,O,10,"40
",20,49,69, , , ,69,03,A,08,"24
",30,69,99, , , ,99,04,O,10,"40
",28,46,74, , , ,74,03,A+,09,"27
", , , , ,44, ,88,01,O,10,"10
", , , ,23, ,42,86,01,O,10,"10
", , , ,23,39, ,82,02,O,10,"20
", , , ,37, , ,74,01,A+,09,"09
",28,49,77, , , ,77,03,A+,09,"27
",27,43,70, , , ,70,04,A+,09,"36
",28,59,87, , , ,87,04,O,10,"40
",24,45,69, , , ,69,03,A,08,"24
",27,59,86, , , ,86,04,O,10,"40
", , , ,22, ,24,92,01,O,10,"10
", , , ,36,38, ,74,02,A+,09,"18
", , , ,22,23, ,90,01,O,10,"10
", , , , , ,48,96,01,O,10,"10
",9.37
T150058599,71601176L,15,47,62, , , ,62,04,A,08,"32
",27,55,82, , , ,82,04,O,10,"40
",24,42,66, , , ,66,03,A,08,"24
",27,49,76, , , ,76,04,A+,09,"36
",22,44,66, , , ,66,03,A,08,"24
", , , , ,39, ,78,01,A+,09,"09
", , , ,22, ,39,81,01,O,10,"10
", , , ,23,37, ,80,02,O,10,"20
", , , ,44, , ,88,01,O,10,"10
",28,48,76, , , ,76,03,A+,09,"27
",20,32,52, , , ,52,04,B,06,"24
",17,43,60, , , ,60,04,A,08,"32
",27,46,73, , , ,73,03,A+,09,"27
",28,38,66, , , ,66,04,A,08,"32
", , , ,24, ,20,88,01,O,10,"10
", , , ,30,39, ,69,02,A,08,"16
", , , ,21,15, ,72,01,A+,09,"09
", , , , , ,46,92,01,O,10,"10
",8.52
T150058600,71601092F,22,59,81, , , ,81,04,O,10,"40
",27,53,80, , , ,80,04,O,10,"40
",26,47,73, , , ,73,03,A+,09,"27
",21,66,87, , , ,87,04,O,10,"40
",25,54,79, , , ,79,03,A+,09,"27
", , , , ,41, ,82,01,O,10,"10
", , , ,22, ,42,85,01,O,10,"10
", , , ,24,41, ,86,02,O,10,"20
", , , ,44, , ,88,01,O,10,"10
",28,47,75, , , ,75,03,A+,09,"27
",25,31,56, , , ,56,04,B+,07,"28
",27,53,80, , , ,80,04,O,10,"40
",22,41,63, , , ,63,03,A,08,"24
",29,54,83, , , ,83,04,O,10,"40
", , , ,22, ,21,86,01,O,10,"10
", , , ,40,44, ,84,02,O,10,"20
", , , ,23,20, ,86,01,O,10,"10
", , , , , ,45,90,01,O,10,"10
",9.41
T150058601,71600981B,11,50,61, , , ,61,04,A,08,"32
",22,44,66, , , ,66,04,A,08,"32
",10,41,51, , , ,51,03,B,06,"18
",22,43,65, , , ,65,04,A,08,"32
",25,46,71, , , ,71,03,A+,09,"27
", , , , ,38, ,76,01,A+,09,"09
", , , ,20, ,38,77,01,A+,09,"09
", , , ,23,41, ,85,02,O,10,"20
", , , ,44, , ,88,01,O,10,"10
",27,46,73, , , ,73,03,A+,09,"27
",10,30,40, , , ,40,04,P,04,"16
",20,42,62, , , ,62,04,A,08,"32
",27,47,74, , , ,74,03,A+,09,"27
",28,47,75, , , ,75,04,A+,09,"36
", , , ,22, ,17,78,01,A+,09,"09
", , , ,32,40, ,72,02,A+,09,"18
", , , ,21,21, ,84,01,O,10,"10
", , , , , ,44,88,01,O,10,"10
",8.13
T150058602,71728733F,10,37,47, , , ,47,04,C,05,"20
",23,47,70, , , ,70,04,A+,09,"36
",21,52,73, , , ,73,03,A+,09,"27
",20,47,67, , , ,67,04,A,08,"32
",23,44,67, , , ,67,03,A,08,"24
", , , , ,25, ,50,01,B,06,"06
", , , ,24, ,22,61,01,A,08,"08
", , , ,21,5, ,FF,02,F,00,"00
", , , ,38, , ,76,01,A+,09,"09
",17,44,61, , , ,61,03,A,08,"24
",18,14,32, , , ,FF,04,F,00,"00
",7,12,19, , , ,FF,04,F,00,"00
",24,47,71, , , ,71,03,A+,09,"27
",21,42,63, , , ,63,04,A,08,"32
", , , ,20, ,18,76,01,A+,09,"09
", , , ,32,21, ,53,02,B,06,"12
", , , ,21,16, ,74,01,A+,09,"09
", , , , , ,34,68,01,A,08,"08
",0
T150058603,71601072M,26,55,81, , , ,81,04,O,10,"40
",27,49,76, , , ,76,04,A+,09,"36
",19,43,62, , , ,62,03,A,08,"24
",22,56,78, , , ,78,04,A+,09,"36
",22,49,71, , , ,71,03,A+,09,"27
", , , , ,41, ,82,01,O,10,"10
", , , ,22, ,42,85,01,O,10,"10
", , , ,22,43, ,86,02,O,10,"20
", , , ,45, , ,90,01,O,10,"10
",25,44,69, , , ,69,03,A,08,"24
",19,41,60, , , ,60,04,A,08,"32
",13,54,67, , , ,67,04,A,08,"32
",22,46,68, , , ,68,03,A,08,"24
",29,52,81, , , ,81,04,O,10,"40
", , , ,23, ,18,82,01,O,10,"10
", , , ,34,27, ,61,02,A,08,"16
", , , ,22,21, ,86,01,O,10,"10
", , , , , ,39,78,01,A+,09,"09
",8.91
T150058605,71601173F,13,55,68, , , ,68,04,A,08,"32
",21,49,70, , , ,70,04,A+,09,"36
",18,46,64, , , ,64,03,A,08,"24
",25,48,73, , , ,73,04,A+,09,"36
",24,44,68, , , ,68,03,A,08,"24
", , , , ,44, ,88,01,O,10,"10
", , , ,22, ,45,89,01,O,10,"10
", , , ,23,38, ,81,02,O,10,"20
", , , ,38, , ,76,01,A+,09,"09
",28,47,75, , , ,75,03,A+,09,"27
",19,28,47, , , ,47,04,C,05,"20
",23,46,69, , , ,69,04,A,08,"32
",22,33,55, , , ,55,03,B+,07,"21
",28,49,77, , , ,77,04,A+,09,"36
", , , ,24, ,24,96,01,O,10,"10
", , , ,42,35, ,77,02,A+,09,"18
", , , ,22,23, ,90,01,O,10,"10
", , , , , ,40,80,01,O,10,"10
",8.37
T150058606,71601109D,15,42,57, , , ,57,04,B+,07,"28
",26,52,78, , , ,78,04,A+,09,"36
",24,32,56, , , ,56,03,B+,07,"21
",21,44,65, , , ,65,04,A,08,"32
",26,45,71, , , ,71,03,A+,09,"27
", , , , ,38, ,76,01,A+,09,"09
", , , ,24, ,38,82,01,O,10,"10
", , , ,21,40, ,81,02,O,10,"20
", , , ,41, , ,82,01,O,10,"10
",30,40,70, , , ,70,03,A+,09,"27
",21,33,54, , , ,54,04,B,06,"24
",16,50,66, , , ,66,04,A,08,"32
",26,42,68, , , ,68,03,A,08,"24
",27,50,77, , , ,77,04,A+,09,"36
", , , ,23, ,17,80,01,O,10,"10
", , , ,43,25, ,68,02,A,08,"16
", , , ,22,20, ,84,01,O,10,"10
", , , , , ,41,82,01,O,10,"10
",8.3
T150058608,71600797F,20,52,72, , , ,72,04,A+,09,"36
",21,53,74, , , ,74,04,A+,09,"36
",18,42,60, , , ,60,03,A,08,"24
",23,56,79, , , ,79,04,A+,09,"36
",23,52,75, , , ,75,03,A+,09,"27
", , , , ,44, ,88,01,O,10,"10
", , , ,23, ,44,89,01,O,10,"10
", , , ,22,41, ,84,02,O,10,"20
", , , ,39, , ,78,01,A+,09,"09
",24,43,67, , , ,67,03,A,08,"24
",19,28,47, , , ,47,04,C,05,"20
",25,54,79, , , ,79,04,A+,09,"36
",23,32,55, , , ,55,03,B+,07,"21
",27,46,73, , , ,73,04,A+,09,"36
", , , ,23, ,19,84,01,O,10,"10
", , , ,44,42, ,86,02,O,10,"20
", , , ,23,18, ,82,01,O,10,"10
", , , , , ,44,88,01,O,10,"10
",8.59
T150058610,71600792E,11,39,50, , , ,50,04,B,06,"24
",18,39,57, , , ,57,04,B+,07,"28
",18,30,48, , , ,48,03,C,05,"15
",12,35,47, , , ,47,04,C,05,"20
",19,45,64, , , ,64,03,A,08,"24
", , , , ,41, ,82,01,O,10,"10
", , , ,19, ,42,81,01,O,10,"10
", , , ,22,42, ,85,02,O,10,"20
", , , ,38, , ,76,01,A+,09,"09
",28,45,73, , , ,73,03,A+,09,"27
",23,28,51, , , ,51,04,B,06,"24
",15,40,55, , , ,55,04,B+,07,"28
",22,31,53, , , ,53,03,B,06,"18
",23,42,65, , , ,65,04,A,08,"32
", , , ,24, ,16,80,01,O,10,"10
", , , ,30,41, ,71,02,A+,09,"18
", , , ,20,20, ,80,01,O,10,"10
", , , , , ,45,90,01,O,10,"10
",7.33
T150058611,71601094B,25,55,80, , , ,80,04,O,10,"40
",18,46,64, , , ,64,04,A,08,"32
",24,40,64, , , ,64,03,A,08,"24
",25,53,78, , , ,78,04,A+,09,"36
",19,40,59, , , ,59,03,B+,07,"21
", , , , ,40, ,80,01,O,10,"10
", , , ,22, ,40,82,01,O,10,"10
", , , ,22,42, ,85,02,O,10,"20
", , , ,40, , ,80,01,O,10,"10
",30,38,68, , , ,68,03,A,08,"24
",22,36,58, , , ,58,04,B+,07,"28
",25,51,76, , , ,76,04,A+,09,"36
",16,31,47, , , ,47,03,C,05,"15
",22,42,64, , , ,64,04,A,08,"32
", , , ,20, ,22,84,01,O,10,"10
", , , ,37,40, ,77,02,A+,09,"18
", , , ,20,21, ,82,01,O,10,"10
", , , , , ,45,90,01,O,10,"10
",8.39
T150058612,71600920L,30,53,83, , , ,83,04,O,10,"40
",28,46,74, , , ,74,04,A+,09,"36
",20,37,57, , , ,57,03,B+,07,"21
",26,58,84, , , ,84,04,O,10,"40
",25,43,68, , , ,68,03,A,08,"24
", , , , ,41, ,82,01,O,10,"10
", , , ,23, ,44,89,01,O,10,"10
", , , ,24,40, ,85,02,O,10,"20
", , , ,45, , ,90,01,O,10,"10
",29,39,68, , , ,68,03,A,08,"24
",19,28,47, , , ,47,04,C,05,"20
",25,46,71, , , ,71,04,A+,09,"36
",25,42,67, , , ,67,03,A,08,"24
",24,51,75, , , ,75,04,A+,09,"36
", , , ,24, ,22,92,01,O,10,"10
", , , ,45,38, ,83,02,O,10,"20
", , , ,23,24, ,94,01,O,10,"10
", , , , , ,47,94,01,O,10,"10
",8.72
T150058613,71601100L,18,55,73, , , ,73,04,A+,09,"36
",28,46,74, , , ,74,04,A+,09,"36
",23,36,59, , , ,59,03,B+,07,"21
",19,46,65, , , ,65,04,A,08,"32
",22,48,70, , , ,70,03,A+,09,"27
", , , , ,46, ,92,01,O,10,"10
", , , ,23, ,46,92,01,O,10,"10
", , , ,23,41, ,85,02,O,10,"20
", , , ,35, , ,70,01,A+,09,"09
",24,45,69, , , ,69,03,A,08,"24
",23,33,56, , , ,56,04,B+,07,"28
",17,50,67, , , ,67,04,A,08,"32
",21,44,65, , , ,65,03,A,08,"24
",27,52,79, , , ,79,04,A+,09,"36
", , , ,23, ,23,92,01,O,10,"10
", , , ,43,39, ,82,02,O,10,"20
", , , ,23,24, ,94,01,O,10,"10
", , , , , ,46,92,01,O,10,"10
",8.59
T150058614,71600972C,26,54,80, , , ,80,04,O,10,"40
",18,50,68, , , ,68,04,A,08,"32
",22,41,63, , , ,63,03,A,08,"24
",25,51,76, , , ,76,04,A+,09,"36
",23,44,67, , , ,67,03,A,08,"24
", , , , ,44, ,88,01,O,10,"10
", , , ,21, ,45,88,01,O,10,"10
", , , ,23,42, ,86,02,O,10,"20
", , , ,38, , ,76,01,A+,09,"09
",30,48,78, , , ,78,03,A+,09,"27
",23,42,65, , , ,65,04,A,08,"32
",25,49,74, , , ,74,04,A+,09,"36
",25,47,72, , , ,72,03,A+,09,"27
",29,56,85, , , ,85,04,O,10,"40
", , , ,22, ,23,90,01,O,10,"10
", , , ,45,37, ,82,02,O,10,"20
", , , ,24,22, ,92,01,O,10,"10
", , , , , ,47,94,01,O,10,"10
",9.07
T150058615,71601088H,28,54,82, , , ,82,04,O,10,"40
",25,50,75, , , ,75,04,A+,09,"36
",19,42,61, , , ,61,03,A,08,"24
",21,60,81, , , ,81,04,O,10,"40
",18,46,64, , , ,64,03,A,08,"24
", , , , ,45, ,90,01,O,10,"10
", , , ,24, ,45,92,01,O,10,"10
", , , ,20,43, ,84,02,O,10,"20
", , , ,41, , ,82,01,O,10,"10
",28,44,72, , , ,72,03,A+,09,"27
",27,35,62, , , ,62,04,A,08,"32
",27,57,84, , , ,84,04,O,10,"40
",21,34,55, , , ,55,03,B+,07,"21
",27,52,79, , , ,79,04,A+,09,"36
", , , ,23, ,23,92,01,O,10,"10
", , , ,43,40, ,83,02,O,10,"20
", , , ,22,19, ,82,01,O,10,"10
", , , , , ,45,90,01,O,10,"10
",9.13
T150058616,71601002L,26,50,76, , , ,76,04,A+,09,"36
",19,45,64, , , ,64,04,A,08,"32
",24,42,66, , , ,66,03,A,08,"24
",24,59,83, , , ,83,04,O,10,"40
",22,52,74, , , ,74,03,A+,09,"27
", , , , ,46, ,92,01,O,10,"10
", , , ,24, ,46,93,01,O,10,"10
", , , ,24,42, ,88,02,O,10,"20
", , , ,41, , ,82,01,O,10,"10
",19,45,64, , , ,64,03,A,08,"24
",21,32,53, , , ,53,04,B,06,"24
",17,55,72, , , ,72,04,A+,09,"36
",23,45,68, , , ,68,03,A,08,"24
",29,46,75, , , ,75,04,A+,09,"36
", , , ,21, ,22,86,01,O,10,"10
", , , ,45,30, ,75,02,A+,09,"18
", , , ,22,19, ,82,01,O,10,"10
", , , , , ,48,96,01,O,10,"10
",8.72
T150058617,71728734D,25,58,83, , , ,83,04,O,10,"40
",26,51,77, , , ,77,04,A+,09,"36
",23,42,65, , , ,65,03,A,08,"24
",30,56,86, , , ,86,04,O,10,"40
",25,51,76, , , ,76,03,A+,09,"27
", , , , ,42, ,84,01,O,10,"10
", , , ,24, ,45,92,01,O,10,"10
", , , ,24,41, ,86,02,O,10,"20
", , , ,39, , ,78,01,A+,09,"09
",30,47,77, , , ,77,03,A+,09,"27
",26,31,57, , , ,57,04,B+,07,"28
",23,48,71, , , ,71,04,A+,09,"36
",27,49,76, , , ,76,03,A+,09,"27
",28,54,82, , , ,82,04,O,10,"40
", , , ,23, ,23,92,01,O,10,"10
", , , ,46,28, ,74,02,A+,09,"18
", , , ,23,18, ,82,01,O,10,"10
", , , , , ,46,92,01,O,10,"10
",9.17
T150058619,71600811E,21,45,66, , , ,66,04,A,08,"32
",19,46,65, , , ,65,04,A,08,"32
",20,31,51, , , ,51,03,B,06,"18
",17,53,70, , , ,70,04,A+,09,"36
",25,45,70, , , ,70,03,A+,09,"27
", , , , ,41, ,82,01,O,10,"10
", , , ,23, ,43,88,01,O,10,"10
", , , ,23,37, ,80,02,O,10,"20
", , , ,42, , ,84,01,O,10,"10
",30,39,69, , , ,69,03,A,08,"24
",19,28,47, , , ,47,04,C,05,"20
",22,50,72, , , ,72,04,A+,09,"36
",24,33,57, , , ,57,03,B+,07,"21
",27,51,78, , , ,78,04,A+,09,"36
", , , ,23, ,23,92,01,O,10,"10
", , , ,42,40, ,82,02,O,10,"20
", , , ,22,20, ,84,01,O,10,"10
", , , , , ,46,92,01,O,10,"10
",8.3
T150058620,71601082J,30,57,87, , , ,87,04,O,10,"40
",29,50,79, , , ,79,04,A+,09,"36
",20,45,65, , , ,65,03,A,08,"24
",28,63,91, , , ,91,04,O,10,"40
",28,50,78, , , ,78,03,A+,09,"27
", , , , ,44, ,88,01,O,10,"10
", , , ,22, ,43,86,01,O,10,"10
", , , ,23,43, ,88,02,O,10,"20
", , , ,44, , ,88,01,O,10,"10
",30,48,78, , , ,78,03,A+,09,"27
",23,41,64, , , ,64,04,A,08,"32
",23,58,81, , , ,81,04,O,10,"40
",26,43,69, , , ,69,03,A,08,"24
",29,53,82, , , ,82,04,O,10,"40
", , , ,23, ,24,94,01,O,10,"10
", , , ,41,42, ,83,02,O,10,"20
", , , ,21,23, ,88,01,O,10,"10
", , , , , ,46,92,01,O,10,"10
",9.35
T150058622,71600904J,27,56,83, , , ,83,04,O,10,"40
",29,47,76, , , ,76,04,A+,09,"36
",22,49,71, , , ,71,03,A+,09,"27
",27,34,61, , , ,61,04,A,08,"32
",26,35,61, , , ,61,03,A,08,"24
", , , , ,45, ,90,01,O,10,"10
", , , ,22, ,43,86,01,O,10,"10
", , , ,24,44, ,90,02,O,10,"20
", , , ,46, , ,92,01,O,10,"10
",30,50,80, , , ,80,03,O,10,"30
",26,42,68, , , ,68,04,A,08,"32
",24,45,69, , , ,69,04,A,08,"32
",25,47,72, , , ,72,03,A+,09,"27
",27,48,75, , , ,75,04,A+,09,"36
", , , ,23, ,17,80,01,O,10,"10
", , , ,41,37, ,78,02,A+,09,"18
", , , ,23,20, ,86,01,O,10,"10
", , , , , ,39,78,01,A+,09,"09
",8.98
T150058624,71601273B,30,60,90, , , ,90,04,O,10,"40
",20,52,72, , , ,72,04,A+,09,"36
",24,43,67, , , ,67,03,A,08,"24
",26,46,72, , , ,72,04,A+,09,"36
",23,48,71, , , ,71,03,A+,09,"27
", , , , ,39, ,78,01,A+,09,"09
", , , ,20, ,40,80,01,O,10,"10
", , , ,22,42, ,85,02,O,10,"20
", , , ,38, , ,76,01,A+,09,"09
",26,50,76, , , ,76,03,A+,09,"27
",20,37,57, , , ,57,04,B+,07,"28
",22,54,76, , , ,76,04,A+,09,"36
",24,41,65, , , ,65,03,A,08,"24
",29,53,82, , , ,82,04,O,10,"40
", , , ,24, ,21,90,01,O,10,"10
", , , ,41,39, ,80,02,O,10,"20
", , , ,21,23, ,88,01,O,10,"10
", , , , , ,44,88,01,O,10,"10
",9.04
T150058625,71728735B,13,45,58, , , ,58,04,B+,07,"28
",29,30,59, , , ,59,04,B+,07,"28
",20,33,53, , , ,53,03,B,06,"18
",22,34,56, , , ,56,04,B+,07,"28
",22,36,58, , , ,58,03,B+,07,"21
", , , , ,38, ,76,01,A+,09,"09
", , , ,21, ,38,78,01,A+,09,"09
", , , ,21,39, ,80,02,O,10,"20
", , , ,41, , ,82,01,O,10,"10
",23,40,63, , , ,63,03,A,08,"24
",24,40,64, , , ,64,04,A,08,"32
",10,35,45, , , ,45,04,C,05,"20
",24,38,62, , , ,62,03,A,08,"24
",20,34,54, , , ,54,04,B,06,"24
", , , ,23, ,23,92,01,O,10,"10
", , , ,42,36, ,78,02,A+,09,"18
", , , ,22,18, ,80,01,O,10,"10
", , , , , ,42,84,01,O,10,"10
",7.46
T150058626,71728736L,14,55,69, , , ,69,04,A,08,"32
",26,55,81, , , ,81,04,O,10,"40
",24,47,71, , , ,71,03,A+,09,"27
",30,41,71, , , ,71,04,A+,09,"36
",23,43,66, , , ,66,03,A,08,"24
", , , , ,38, ,76,01,A+,09,"09
", , , ,21, ,39,80,01,O,10,"10
", , , ,24,41, ,86,02,O,10,"20
", , , ,42, , ,84,01,O,10,"10
",29,51,80, , , ,80,03,O,10,"30
",18,36,54, , , ,54,04,B,06,"24
",18,35,53, , , ,53,04,B,06,"24
",24,54,78, , , ,78,03,A+,09,"27
",26,33,59, , , ,59,04,B+,07,"28
", , , ,22, ,21,86,01,O,10,"10
", , , ,46,25, ,71,02,A+,09,"18
", , , ,22,18, ,80,01,O,10,"10
", , , , , ,43,86,01,O,10,"10
",8.46
T150058628,71601153M,23,59,82, , , ,82,04,O,10,"40
",25,40,65, , , ,65,04,A,08,"32
",19,36,55, , , ,55,03,B+,07,"21
",17,33,50, , , ,50,04,B,06,"24
",22,37,59, , , ,59,03,B+,07,"21
", , , , ,44, ,88,01,O,10,"10
", , , ,23, ,43,88,01,O,10,"10
", , , ,23,45, ,90,02,O,10,"20
", , , ,42, , ,84,01,O,10,"10
",28,47,75, , , ,75,03,A+,09,"27
",13,36,49, , , ,49,04,C,05,"20
",12,47,59, , , ,59,04,B+,07,"28
",23,29,52, , , ,52,03,B,06,"18
",25,38,63, , , ,63,04,A,08,"32
", , , ,22, ,21,86,01,O,10,"10
", , , ,30,37, ,67,02,A,08,"16
", , , ,22,18, ,80,01,O,10,"10
", , , , , ,43,86,01,O,10,"10
",7.8
T150058629,71601170M,29,52,81, , , ,81,04,O,10,"40
",21,37,58, , , ,58,04,B+,07,"28
",18,30,48, , , ,48,03,C,05,"15
",24,28,52, , , ,52,04,B,06,"24
",23,28,51, , , ,51,03,B,06,"18
", , , , ,38, ,76,01,A+,09,"09
", , , ,23, ,39,82,01,O,10,"10
", , , ,23,35, ,77,02,A+,09,"18
", , , ,42, , ,84,01,O,10,"10
",21,30,51, , , ,51,03,B,06,"18
",12,34,46, , , ,46,04,C,05,"20
",14,40,54, , , ,54,04,B,06,"24
",17,19,36, , , ,FF,03,F,00,"00
",19,33,52, , , ,52,04,B,06,"24
", , , ,23, ,18,82,01,O,10,"10
", , , ,35,21, ,56,02,B+,07,"14
", , , ,23,19, ,84,01,O,10,"10
", , , , , ,35,70,01,A+,09,"09
",0
T150058630,71728737J,14,55,69, , , ,69,04,A,08,"32
",23,44,67, , , ,67,04,A,08,"32
",20,44,64, , , ,64,03,A,08,"24
",26,35,61, , , ,61,04,A,08,"32
",26,40,66, , , ,66,03,A,08,"24
", , , , ,39, ,78,01,A+,09,"09
", , , ,20, ,38,77,01,A+,09,"09
", , , ,22,35, ,76,02,A+,09,"18
", , , ,38, , ,76,01,A+,09,"09
",23,35,58, , , ,58,03,B+,07,"21
",21,33,54, , , ,54,04,B,06,"24
",14,48,62, , , ,62,04,A,08,"32
",23,41,64, , , ,64,03,A,08,"24
",24,34,58, , , ,58,04,B+,07,"28
", , , ,23, ,17,80,01,O,10,"10
", , , ,42,32, ,74,02,A+,09,"18
", , , ,21,17, ,76,01,A+,09,"09
", , , , , ,41,82,01,O,10,"10
",7.93
T150058631,71600858M,11,46,57, , , ,57,04,B+,07,"28
",17,43,60, , , ,60,04,A,08,"32
",14,36,50, , , ,50,03,B,06,"18
",24,37,61, , , ,61,04,A,08,"32
",17,35,52, , , ,52,03,B,06,"18
", , , , ,40, ,80,01,O,10,"10
", , , ,23, ,42,86,01,O,10,"10
", , , ,21,39, ,80,02,O,10,"20
", , , ,39, , ,78,01,A+,09,"09
",24,34,58, , , ,58,03,B+,07,"21
",15,32,47, , , ,47,04,C,05,"20
",19,38,57, , , ,57,04,B+,07,"28
",17,47,64, , , ,64,03,A,08,"24
",24,34,58, , , ,58,04,B+,07,"28
", , , ,23, ,22,90,01,O,10,"10
", , , ,38,39, ,77,02,A+,09,"18
", , , ,20,16, ,72,01,A+,09,"09
", , , , , ,44,88,01,O,10,"10
",7.5
T150058632,71728738G,10,45,55, , , ,55,04,B+,07,"28
",15,49,64, , , ,64,04,A,08,"32
",23,42,65, , , ,65,03,A,08,"24
",18,28,46, , , ,46,04,C,05,"20
",14,40,54, , , ,54,03,B,06,"18
", , , , ,40, ,80,01,O,10,"10
", , , ,21, ,38,78,01,A+,09,"09
", , , ,19,42, ,81,02,O,10,"20
", , , ,41, , ,82,01,O,10,"10
",24,51,75, , , ,75,03,A+,09,"27
",13,35,48, , , ,48,04,C,05,"20
",12,46,58, , , ,58,04,B+,07,"28
",24,58,82, , , ,82,03,O,10,"30
",25,39,64, , , ,64,04,A,08,"32
", , , ,23, ,17,80,01,O,10,"10
", , , ,39,39, ,78,02,A+,09,"18
", , , ,21,18, ,78,01,A+,09,"09
", , , , , ,46,92,01,O,10,"10
",7.72
T150058633,71601294E,29,44,73, , , ,73,04,A+,09,"36
",23,38,61, , , ,61,04,A,08,"32
",17,29,46, , , ,46,03,C,05,"15
",19,39,58, , , ,58,04,B+,07,"28
",25,28,53, , , ,53,03,B,06,"18
", , , , ,43, ,86,01,O,10,"10
", , , ,20, ,46,88,01,O,10,"10
", , , ,23,39, ,82,02,O,10,"20
", , , ,41, , ,82,01,O,10,"10
",25,35,60, , , ,60,03,A,08,"24
",13,41,54, , , ,54,04,B,06,"24
",15,42,57, , , ,57,04,B+,07,"28
",21,29,50, , , ,50,03,B,06,"18
",15,34,49, , , ,49,04,C,05,"20
", , , ,22, ,17,78,01,A+,09,"09
", , , ,32,15, ,FF,02,F,00,"00
", , , ,21,20, ,82,01,O,10,"10
", , , , , ,40,80,01,O,10,"10
",0
T150058634,71600955C,28,40,68, , , ,68,04,A,08,"32
",19,38,57, , , ,57,04,B+,07,"28
",21,41,62, , , ,62,03,A,08,"24
",23,44,67, , , ,67,04,A,08,"32
",20,41,61, , , ,61,03,A,08,"24
", , , , ,45, ,90,01,O,10,"10
", , , ,23, ,43,88,01,O,10,"10
", , , ,24,41, ,86,02,O,10,"20
", , , ,43, , ,86,01,O,10,"10
",29,39,68, , , ,68,03,A,08,"24
",20,29,49, , , ,49,04,C,05,"20
",16,45,61, , , ,61,04,A,08,"32
",19,52,71, , , ,71,03,A+,09,"27
",21,39,60, , , ,60,04,A,08,"32
", , , ,24, ,18,84,01,O,10,"10
", , , ,42,32, ,74,02,A+,09,"18
", , , ,22,23, ,90,01,O,10,"10
", , , , , ,47,94,01,O,10,"10
",8.11
T150058635,71600762C,28,53,81, , , ,81,04,O,10,"40
",26,55,81, , , ,81,04,O,10,"40
",24,42,66, , , ,66,03,A,08,"24
",26,53,79, , , ,79,04,A+,09,"36
",26,42,68, , , ,68,03,A,08,"24
", , , , ,38, ,76,01,A+,09,"09
", , , ,22, ,42,85,01,O,10,"10
", , , ,23,35, ,77,02,A+,09,"18
", , , ,41, , ,82,01,O,10,"10
",28,49,77, , , ,77,03,A+,09,"27
",27,44,71, , , ,71,04,A+,09,"36
",20,54,74, , , ,74,04,A+,09,"36
",24,56,80, , , ,80,03,O,10,"30
",28,35,63, , , ,63,04,A,08,"32
", , , ,21, ,23,88,01,O,10,"10
", , , ,38,42, ,80,02,O,10,"20
", , , ,20,22, ,84,01,O,10,"10
", , , , , ,45,90,01,O,10,"10
",9.17
T150058636,71601253H,14,54,68, , , ,68,04,A,08,"32
",25,50,75, , , ,75,04,A+,09,"36
",21,40,61, , , ,61,03,A,08,"24
",19,38,57, , , ,57,04,B+,07,"28
",26,40,66, , , ,66,03,A,08,"24
", , , , ,40, ,80,01,O,10,"10
", , , ,22, ,42,85,01,O,10,"10
", , , ,22,42, ,85,02,O,10,"20
", , , ,44, , ,88,01,O,10,"10
",23,44,67, , , ,67,03,A,08,"24
",23,39,62, , , ,62,04,A,08,"32
",20,50,70, , , ,70,04,A+,09,"36
",22,49,71, , , ,71,03,A+,09,"27
",21,40,61, , , ,61,04,A,08,"32
", , , ,22, ,21,86,01,O,10,"10
", , , ,41,35, ,76,02,A+,09,"18
", , , ,23,21, ,88,01,O,10,"10
", , , , , ,41,82,01,O,10,"10
",8.54
T150058637,71728739E,28,51,79, , , ,79,04,A+,09,"36
",23,37,60, , , ,60,04,A,08,"32
",26,32,58, , , ,58,03,B+,07,"21
",28,36,64, , , ,64,04,A,08,"32
",19,33,52, , , ,52,03,B,06,"18
", , , , ,41, ,82,01,O,10,"10
", , , ,21, ,42,84,01,O,10,"10
", , , ,23,43, ,88,02,O,10,"20
", , , ,40, , ,80,01,O,10,"10
",28,45,73, , , ,73,03,A+,09,"27
",23,38,61, , , ,61,04,A,08,"32
",13,48,61, , , ,61,04,A,08,"32
",25,37,62, , , ,62,03,A,08,"24
",28,30,58, , , ,58,04,B+,07,"28
", , , ,22, ,21,86,01,O,10,"10
", , , ,47,37, ,84,02,O,10,"20
", , , ,21,20, ,82,01,O,10,"10
", , , , , ,43,86,01,O,10,"10
",8.3
T150058639,71601298H,29,58,87, , , ,87,04,O,10,"40
",27,56,83, , , ,83,04,O,10,"40
",22,35,57, , , ,57,03,B+,07,"21
",28,45,73, , , ,73,04,A+,09,"36
",25,39,64, , , ,64,03,A,08,"24
", , , , ,30, ,60,01,A,08,"08
", , , ,21, ,34,73,01,A+,09,"09
", , , ,24,38, ,82,02,O,10,"20
", , , ,44, , ,88,01,O,10,"10
",24,47,71, , , ,71,03,A+,09,"27
",28,44,72, , , ,72,04,A+,09,"36
",22,55,77, , , ,77,04,A+,09,"36
",28,45,73, , , ,73,03,A+,09,"27
",28,41,69, , , ,69,04,A,08,"32
", , , ,22, ,18,80,01,O,10,"10
", , , ,46,38, ,84,02,O,10,"20
", , , ,23,24, ,94,01,O,10,"10
", , , , , ,44,88,01,O,10,"10
",9.04
T150058640,71601218K,28,55,83, , , ,83,04,O,10,"40
",24,51,75, , , ,75,04,A+,09,"36
",19,38,57, , , ,57,03,B+,07,"21
",23,55,78, , , ,78,04,A+,09,"36
",18,43,61, , , ,61,03,A,08,"24
", , , , ,44, ,88,01,O,10,"10
", , , ,22, ,44,88,01,O,10,"10
", , , ,22,41, ,84,02,O,10,"20
", , , ,37, , ,74,01,A+,09,"09
",30,45,75, , , ,75,03,A+,09,"27
",23,37,60, , , ,60,04,A,08,"32
",27,57,84, , , ,84,04,O,10,"40
",22,39,61, , , ,61,03,A,08,"24
",24,41,65, , , ,65,04,A,08,"32
", , , ,21, ,18,78,01,A+,09,"09
", , , ,38,30, ,68,02,A,08,"16
", , , ,22,21, ,86,01,O,10,"10
", , , , , ,44,88,01,O,10,"10
",8.83
T150058642,71601046B,28,61,89, , , ,89,04,O,10,"40
",21,54,75, , , ,75,04,A+,09,"36
",28,37,65, , , ,65,03,A,08,"24
",21,50,71, , , ,71,04,A+,09,"36
",20,40,60, , , ,60,03,A,08,"24
", , , , ,40, ,80,01,O,10,"10
", , , ,22, ,40,82,01,O,10,"10
", , , ,23,36, ,78,02,A+,09,"18
", , , ,44, , ,88,01,O,10,"10
",30,53,83, , , ,83,03,O,10,"30
",26,36,62, , , ,62,04,A,08,"32
",24,52,76, , , ,76,04,A+,09,"36
",24,46,70, , , ,70,03,A+,09,"27
",28,37,65, , , ,65,04,A,08,"32
", , , ,23, ,20,86,01,O,10,"10
", , , ,44,36, ,80,02,O,10,"20
", , , ,23,20, ,86,01,O,10,"10
", , , , , ,46,92,01,O,10,"10
",9.02
T150058643,71600899J,11,45,56, , , ,56,04,B+,07,"28
",18,38,56, , , ,56,04,B+,07,"28
",23,28,51, , , ,51,03,B,06,"18
",23,35,58, , , ,58,04,B+,07,"28
",22,35,57, , , ,57,03,B+,07,"21
", , , , ,32, ,64,01,A,08,"08
", , , ,19, ,34,70,01,A+,09,"09
", , , ,21,43, ,85,02,O,10,"20
", , , ,35, , ,70,01,A+,09,"09
",29,39,68, , , ,68,03,A,08,"24
",20,32,52, , , ,52,04,B,06,"24
",18,44,62, , , ,62,04,A,08,"32
",22,49,71, , , ,71,03,A+,09,"27
",25,38,63, , , ,63,04,A,08,"32
", , , ,22, ,16,76,01,A+,09,"09
", , , ,40,20, ,60,02,A,08,"16
", , , ,20,20, ,80,01,O,10,"10
", , , , , ,39,78,01,A+,09,"09
",7.65
T150058644,71600824G,17,58,75, , , ,75,04,A+,09,"36
",25,59,84, , , ,84,04,O,10,"40
",22,39,61, , , ,61,03,A,08,"24
",29,59,88, , , ,88,04,O,10,"40
",25,47,72, , , ,72,03,A+,09,"27
", , , , ,39, ,78,01,A+,09,"09
", , , ,23, ,38,81,01,O,10,"10
", , , ,24,47, ,94,02,O,10,"20
", , , ,48, , ,96,01,O,10,"10
",30,46,76, , , ,76,03,A+,09,"27
",21,36,57, , , ,57,04,B+,07,"28
",24,56,80, , , ,80,04,O,10,"40
",27,48,75, , , ,75,03,A+,09,"27
",28,40,68, , , ,68,04,A,08,"32
", , , ,24, ,24,96,01,O,10,"10
", , , ,40,37, ,77,02,A+,09,"18
", , , ,24,20, ,88,01,O,10,"10
", , , , , ,46,92,01,O,10,"10
",9.09
T150058645,71601239B,14,40,54, , , ,54,04,B,06,"24
",22,44,66, , , ,66,04,A,08,"32
",21,28,49, , , ,49,03,C,05,"15
",18,30,48, , , ,48,04,C,05,"20
",20,29,49, , , ,49,03,C,05,"15
", , , , ,31, ,62,01,A,08,"08
", , , ,15, ,32,62,01,A,08,"08
", , , ,20,35, ,73,02,A+,09,"18
", , , ,38, , ,76,01,A+,09,"09
",26,31,57, , , ,57,03,B+,07,"21
",18,23,41, , , ,41,04,P,04,"16
",13,42,55, , , ,55,04,B+,07,"28
",20,38,58, , , ,58,03,B+,07,"21
",28,38,66, , , ,66,04,A,08,"32
", , , ,22, ,18,80,01,O,10,"10
", , , ,33,37, ,70,02,A+,09,"18
", , , ,18,20, ,76,01,A+,09,"09
", , , , , ,41,82,01,O,10,"10
",6.83
T150058646,71601140K,30,48,78, , , ,78,04,A+,09,"36
",30,47,77, , , ,77,04,A+,09,"36
",20,28,48, , , ,48,03,C,05,"15
",25,46,71, , , ,71,04,A+,09,"36
",20,33,53, , , ,53,03,B,06,"18
", , , , ,43, ,86,01,O,10,"10
", , , ,22, ,44,88,01,O,10,"10
", , , ,22,42, ,85,02,O,10,"20
", , , ,41, , ,82,01,O,10,"10
",28,36,64, , , ,64,03,A,08,"24
",26,37,63, , , ,63,04,A,08,"32
",23,52,75, , , ,75,04,A+,09,"36
",21,32,53, , , ,53,03,B,06,"18
",27,39,66, , , ,66,04,A,08,"32
", , , ,22, ,22,88,01,O,10,"10
", , , ,44,43, ,87,02,O,10,"20
", , , ,22,22, ,88,01,O,10,"10
", , , , , ,46,92,01,O,10,"10
",8.33
T150058647,71600826C,29,61,90, , , ,90,04,O,10,"40
",27,59,86, , , ,86,04,O,10,"40
",26,39,65, , , ,65,03,A,08,"24
",21,49,70, , , ,70,04,A+,09,"36
",25,43,68, , , ,68,03,A,08,"24
", , , , ,42, ,84,01,O,10,"10
", , , ,20, ,42,82,01,O,10,"10
", , , ,22,41, ,84,02,O,10,"20
", , , ,44, , ,88,01,O,10,"10
",30,49,79, , , ,79,03,A+,09,"27
",21,42,63, , , ,63,04,A,08,"32
",23,52,75, , , ,75,04,A+,09,"36
",25,57,82, , , ,82,03,O,10,"30
",26,38,64, , , ,64,04,A,08,"32
", , , ,21, ,24,90,01,O,10,"10
", , , ,26,43, ,69,02,A,08,"16
", , , ,24,20, ,88,01,O,10,"10
", , , , , ,47,94,01,O,10,"10
",9.07
T150058648,71601349F,15,60,75, , , ,75,04,A+,09,"36
",23,49,72, , , ,72,04,A+,09,"36
",13,28,41, , , ,41,03,P,04,"12
",18,40,58, , , ,58,04,B+,07,"28
",11,38,49, , , ,49,03,C,05,"15
", , , , ,36, ,72,01,A+,09,"09
", , , ,21, ,36,76,01,A+,09,"09
", , , ,22,34, ,74,02,A+,09,"18
", , , ,43, , ,86,01,O,10,"10
",27,37,64, , , ,64,03,A,08,"24
",16,38,54, , , ,54,04,B,06,"24
",28,49,77, , , ,77,04,A+,09,"36
",19,44,63, , , ,63,03,A,08,"24
",26,31,57, , , ,57,04,B+,07,"28
", , , ,20, ,20,80,01,O,10,"10
", , , ,34,36, ,70,02,A+,09,"18
", , , ,21,17, ,76,01,A+,09,"09
", , , , , ,40,80,01,O,10,"10
",7.74
T150058649,71728740J,22,61,83, , , ,83,04,O,10,"40
",24,53,77, , , ,77,04,A+,09,"36
",13,31,44, , , ,44,03,P,04,"12
",27,41,68, , , ,68,04,A,08,"32
",24,42,66, , , ,66,03,A,08,"24
", , , , ,36, ,72,01,A+,09,"09
", , , ,24, ,34,77,01,A+,09,"09
", , , ,20,42, ,82,02,O,10,"20
", , , ,44, , ,88,01,O,10,"10
",29,47,76, , , ,76,03,A+,09,"27
",23,36,59, , , ,59,04,B+,07,"28
",17,47,64, , , ,64,04,A,08,"32
",21,52,73, , , ,73,03,A+,09,"27
",21,32,53, , , ,53,04,B,06,"24
", , , ,20, ,17,74,01,A+,09,"09
", , , ,37,28, ,65,02,A,08,"16
", , , ,22,22, ,88,01,O,10,"10
", , , , , ,45,90,01,O,10,"10
",8.15
T150058650,71601169H,24,54,78, , , ,78,04,A+,09,"36
",25,39,64, , , ,64,04,A,08,"32
",15,36,51, , , ,51,03,B,06,"18
",18,36,54, , , ,54,04,B,06,"24
",20,33,53, , , ,53,03,B,06,"18
", , , , ,44, ,88,01,O,10,"10
", , , ,23, ,43,88,01,O,10,"10
", , , ,22,41, ,84,02,O,10,"20
", , , ,38, , ,76,01,A+,09,"09
",24,28,52, , , ,52,03,B,06,"18
",27,43,70, , , ,70,04,A+,09,"36
",27,55,82, , , ,82,04,O,10,"40
",22,49,71, , , ,71,03,A+,09,"27
",21,38,59, , , ,59,04,B+,07,"28
", , , ,22, ,21,86,01,O,10,"10
", , , ,43,42, ,85,02,O,10,"20
", , , ,20,18, ,76,01,A+,09,"09
", , , , , ,46,92,01,O,10,"10
",8.15
T150058651,71600957K,9,57,66, , , ,66,04,A,08,"32
",24,44,68, , , ,68,04,A,08,"32
",18,28,46, , , ,46,03,C,05,"15
",18,35,53, , , ,53,04,B,06,"24
",24,34,58, , , ,58,03,B+,07,"21
", , , , ,30, ,60,01,A,08,"08
", , , ,20, ,31,68,01,A,08,"08
", , , ,21,38, ,78,02,A+,09,"18
", , , ,29, , ,58,01,B+,07,"07
",21,31,52, , , ,52,03,B,06,"18
",12,28,40, , , ,40,04,P,04,"16
",15,36,51, , , ,51,04,B,06,"24
",20,47,67, , , ,67,03,A,08,"24
",18,33,51, , , ,51,04,B,06,"24
", , , ,20, ,22,84,01,O,10,"10
", , , ,32,39, ,71,02,A+,09,"18
", , , ,20,17, ,74,01,A+,09,"09
", , , , , ,40,80,01,O,10,"10
",6.91
T150058652,71601164G,9,40,49, , , ,49,04,C,05,"20
",14,28,42, , , ,42,04,P,04,"16
",19,32,51, , , ,51,03,B,06,"18
",10,39,49, , , ,49,04,C,05,"20
",18,29,47, , , ,47,03,C,05,"15
", , , , ,28, ,56,01,B+,07,"07
", , , ,22, ,40,82,01,O,10,"10
", , , ,23,39, ,82,02,O,10,"20
", , , ,45, , ,90,01,O,10,"10
",26,28,54, , , ,54,03,B,06,"18
",21,39,60, , , ,60,04,A,08,"32
",21,45,66, , , ,66,04,A,08,"32
",20,44,64, , , ,64,03,A,08,"24
",23,33,56, , , ,56,04,B+,07,"28
", , , ,22, ,22,88,01,O,10,"10
", , , ,45,44, ,89,02,O,10,"20
", , , ,24,24, ,96,01,O,10,"10
", , , , , ,45,90,01,O,10,"10
",6.96
T150058653,71728741G,25,49,74, , , ,74,04,A+,09,"36
",29,51,80, , , ,80,04,O,10,"40
",21,34,55, , , ,55,03,B+,07,"21
",26,46,72, , , ,72,04,A+,09,"36
",25,40,65, , , ,65,03,A,08,"24
", , , , ,34, ,68,01,A,08,"08
", , , ,22, ,35,76,01,A+,09,"09
", , , ,21,35, ,74,02,A+,09,"18
", , , ,41, , ,82,01,O,10,"10
",28,47,75, , , ,75,03,A+,09,"27
",17,37,54, , , ,54,04,B,06,"24
",16,47,63, , , ,63,04,A,08,"32
",26,40,66, , , ,66,03,A,08,"24
",26,43,69, , , ,69,04,A,08,"32
", , , ,20, ,17,74,01,A+,09,"09
", , , ,46,38, ,84,02,O,10,"20
", , , ,22,16, ,76,01,A+,09,"09
", , , , , ,40,80,01,O,10,"10
",8.46
T150058654,71601290B,21,59,80, , , ,80,04,O,10,"40
",20,48,68, , , ,68,04,A,08,"32
",24,35,59, , , ,59,03,B+,07,"21
",28,44,72, , , ,72,04,A+,09,"36
",22,40,62, , , ,62,03,A,08,"24
", , , , ,36, ,72,01,A+,09,"09
", , , ,21, ,32,70,01,A+,09,"09
", , , ,24,36, ,80,02,O,10,"20
", , , ,45, , ,90,01,O,10,"10
",27,49,76, , , ,76,03,A+,09,"27
",25,41,66, , , ,66,04,A,08,"32
",27,54,81, , , ,81,04,O,10,"40
",26,55,81, , , ,81,03,O,10,"30
",24,39,63, , , ,63,04,A,08,"32
", , , ,21, ,17,76,01,A+,09,"09
", , , ,46,38, ,84,02,O,10,"20
", , , ,22,22, ,88,01,O,10,"10
", , , , , ,44,88,01,O,10,"10
",8.93
